"SampleName","smokingscore_EM","smokingscore_ZM","logCoeff_CS","logCoeff_FS","logCoeff_NS","PredictedSmokingStatus","probs_CS","probs_FS","probs_NS","PredictedSmokingStatus2"
"GSM1051525_7800246024_R01C01","1.44","-6.56","-0.41","0.18","0.22","Never Smoker","0.21","0.38","0.40","Never Smoker"
"GSM1051526_7800246024_R02C01","16.32","-2.95","2.62","-0.29","-2.34","Current Smoker","0.94","0.05","0.01","Current Smoker"
"GSM1051527_7800246024_R03C01","0.08","-5.40","-0.11","0.11","0.00","Former Smoker","0.30","0.37","0.33","Former Smoker"
"GSM1051528_7800246024_R04C01","10.02","-4.28","0.97","0.22","-1.19","Current Smoker","0.63","0.30","0.07","Current Smoker"
"GSM1051529_7800246024_R05C01","-1.02","-9.54","-0.44","-0.60","1.04","Never Smoker","0.16","0.14","0.70","Never Smoker"
"GSM1051530_7800246024_R06C01","2.22","-4.98","1.32","-0.25","-1.07","Current Smoker","0.77","0.16","0.07","Current Smoker"
"GSM1051531_7800246024_R01C02","-2.85","-7.93","-1.50","0.54","0.96","Never Smoker","0.05","0.38","0.57","Never Smoker"
"GSM1051532_7800246024_R02C02","1.13","-5.63","-0.02","0.15","-0.13","Former Smoker","0.32","0.38","0.29","Former Smoker"
"GSM1051533_7800246024_R03C02","7.15","-4.28","1.57","0.37","-1.94","Current Smoker","0.75","0.23","0.02","Current Smoker"
"GSM1051534_7800246024_R04C02","0.71","-8.99","-0.94","-0.14","1.08","Never Smoker","0.09","0.21","0.70","Never Smoker"
"GSM1051535_7800246024_R05C02","2.07","-5.05","1.36","-0.56","-0.81","Current Smoker","0.79","0.12","0.09","Current Smoker"
"GSM1051536_7800246024_R06C02","0.79","-7.94","-0.63","0.34","0.28","Former Smoker","0.16","0.43","0.41","Former Smoker"
"GSM1051537_7800246085_R01C01","0.26","-8.44","-0.68","-0.06","0.74","Never Smoker","0.14","0.26","0.59","Never Smoker"
"GSM1051538_7800246085_R02C01","0.70","-6.73","-0.49","-0.05","0.54","Never Smoker","0.19","0.29","0.52","Never Smoker"
"GSM1051539_7800246085_R03C01","-2.48","-7.18","-0.92","0.06","0.85","Never Smoker","0.10","0.28","0.62","Never Smoker"
"GSM1051540_7800246085_R04C01","4.26","-5.45","-0.14","-0.44","0.59","Never Smoker","0.26","0.19","0.54","Never Smoker"
"GSM1051541_7800246085_R05C01","7.64","-3.88","1.71","-0.01","-1.69","Current Smoker","0.82","0.15","0.03","Current Smoker"
"GSM1051542_7800246085_R06C01","3.74","-5.00","0.58","0.26","-0.84","Current Smoker","0.51","0.37","0.12","Current Smoker"
"GSM1051543_7800246085_R01C02","8.18","-4.18","0.99","-0.54","-0.46","Current Smoker","0.69","0.15","0.16","Current Smoker"
"GSM1051544_7800246085_R02C02","-2.50","-7.26","-1.05","-0.10","1.16","Never Smoker","0.08","0.20","0.72","Never Smoker"
"GSM1051545_7800246085_R03C02","-1.22","-4.98","0.53","0.16","-0.70","Current Smoker","0.50","0.35","0.15","Current Smoker"
"GSM1051546_7800246085_R04C02","2.00","-3.92","0.35","-0.03","-0.32","Current Smoker","0.46","0.31","0.23","Current Smoker"
"GSM1051547_7800246085_R05C02","-3.71","-8.41","-1.36","0.04","1.32","Never Smoker","0.05","0.21","0.74","Never Smoker"
"GSM1051548_7800246085_R06C02","0.67","-8.40","-0.33","-0.47","0.80","Never Smoker","0.20","0.18","0.62","Never Smoker"
"GSM1051549_7800246087_R01C01","6.15","-9.24","-0.89","-0.39","1.28","Never Smoker","0.09","0.15","0.77","Never Smoker"
"GSM1051550_7800246087_R02C01","5.02","-4.69","1.34","-0.53","-0.81","Current Smoker","0.79","0.12","0.09","Current Smoker"
"GSM1051551_7800246087_R03C01","1.40","-7.43","-0.08","-0.22","0.30","Never Smoker","0.30","0.26","0.44","Never Smoker"
"GSM1051552_7800246087_R04C01","9.09","-2.38","2.21","0.05","-2.26","Current Smoker","0.89","0.10","0.01","Current Smoker"
"GSM1051553_7800246087_R05C01","10.98","-1.61","3.14","-0.21","-2.93","Current Smoker","0.96","0.03","0.00","Current Smoker"
"GSM1051554_7800246087_R06C01","-3.66","-6.01","-0.49","-0.14","0.63","Never Smoker","0.18","0.26","0.56","Never Smoker"
"GSM1051555_7800246087_R01C02","-1.83","-8.72","-1.61","0.30","1.31","Never Smoker","0.04","0.26","0.71","Never Smoker"
"GSM1051556_7800246087_R02C02","11.15","-3.61","2.42","-0.41","-2.01","Current Smoker","0.93","0.06","0.01","Current Smoker"
"GSM1051557_7800246087_R03C02","-1.67","-8.59","-1.33","0.32","1.01","Never Smoker","0.06","0.31","0.63","Never Smoker"
"GSM1051558_7800246087_R04C02","-0.55","-8.13","-0.28","-0.33","0.62","Never Smoker","0.23","0.22","0.56","Never Smoker"
"GSM1051559_7800246087_R05C02","7.92","-5.58","1.42","0.02","-1.44","Current Smoker","0.77","0.19","0.04","Current Smoker"
"GSM1051560_7800246087_R06C02","-5.10","-9.21","-1.18","-0.08","1.26","Never Smoker","0.06","0.19","0.74","Never Smoker"
"GSM1051561_7800246123_R01C01","7.32","-3.44","1.02","-0.16","-0.86","Current Smoker","0.69","0.21","0.10","Current Smoker"
"GSM1051562_7800246123_R02C01","-0.48","-7.08","-0.73","-0.22","0.95","Never Smoker","0.12","0.21","0.67","Never Smoker"
"GSM1051563_7800246123_R03C01","-2.70","-10.14","-1.14","-0.22","1.36","Never Smoker","0.06","0.16","0.78","Never Smoker"
"GSM1051564_7800246123_R04C01","5.90","-3.52","1.62","-0.24","-1.38","Current Smoker","0.83","0.13","0.04","Current Smoker"
"GSM1051565_7800246123_R05C01","13.65","-3.45","2.32","-0.36","-1.96","Current Smoker","0.92","0.06","0.01","Current Smoker"
"GSM1051566_7800246123_R06C01","19.34","-1.99","3.33","-0.52","-2.81","Current Smoker","0.98","0.02","0.00","Current Smoker"
"GSM1051567_7800246123_R01C02","8.02","-3.82","1.03","-0.23","-0.79","Current Smoker","0.69","0.20","0.11","Current Smoker"
"GSM1051568_7800246123_R02C02","-0.31","-7.80","-0.52","-0.16","0.68","Never Smoker","0.17","0.25","0.58","Never Smoker"
"GSM1051569_7800246123_R03C02","2.41","-7.65","0.15","-0.59","0.44","Never Smoker","0.35","0.17","0.48","Never Smoker"
"GSM1051570_7800246123_R04C02","-4.09","-8.75","-1.28","-0.23","1.51","Never Smoker","0.05","0.14","0.81","Never Smoker"
"GSM1051571_7800246123_R05C02","-2.83","-7.40","-0.50","-0.48","0.98","Never Smoker","0.16","0.16","0.68","Never Smoker"
"GSM1051572_7800246123_R06C02","12.89","-3.57","2.15","0.09","-2.25","Current Smoker","0.88","0.11","0.01","Current Smoker"
"GSM1051573_7800246132_R01C01","-0.40","-8.28","-0.65","-0.23","0.89","Never Smoker","0.14","0.21","0.65","Never Smoker"
"GSM1051574_7800246132_R02C01","8.83","-5.52","1.00","0.15","-1.15","Current Smoker","0.65","0.28","0.08","Current Smoker"
"GSM1051575_7800246132_R04C01","-1.04","-7.29","-0.58","0.04","0.54","Never Smoker","0.17","0.31","0.52","Never Smoker"
"GSM1051576_7800246132_R05C01","3.85","-4.05","1.16","-0.24","-0.92","Current Smoker","0.73","0.18","0.09","Current Smoker"
"GSM1051577_7800246132_R06C01","13.06","-1.11","2.88","-0.35","-2.53","Current Smoker","0.96","0.04","0.00","Current Smoker"
"GSM1051578_7800246132_R01C02","9.46","-4.89","1.44","-0.23","-1.21","Current Smoker","0.80","0.15","0.06","Current Smoker"
"GSM1051579_7800246132_R02C02","-1.67","-8.72","-1.21","-0.02","1.24","Never Smoker","0.06","0.21","0.73","Never Smoker"
"GSM1051580_7800246132_R03C02","-2.38","-7.05","-1.26","0.34","0.92","Never Smoker","0.07","0.33","0.60","Never Smoker"
"GSM1051581_7800246132_R04C02","0.39","-6.88","-0.90","-0.01","0.91","Never Smoker","0.10","0.26","0.64","Never Smoker"
"GSM1051582_7800246132_R05C02","-1.13","-9.07","-1.16","0.37","0.79","Never Smoker","0.08","0.37","0.56","Never Smoker"
"GSM1051583_7800246132_R06C02","1.78","-7.80","0.38","-0.68","0.30","Current Smoker","0.44","0.15","0.41","Current Smoker"
"GSM1051584_7800246137_R01C01","-0.73","-7.07","-0.74","0.51","0.23","Former Smoker","0.14","0.49","0.37","Former Smoker"
"GSM1051585_7800246137_R02C01","-5.10","-8.73","-1.53","0.67","0.86","Never Smoker","0.05","0.43","0.52","Never Smoker"
"GSM1051586_7800246137_R03C01","0.36","-8.63","-0.94","0.18","0.76","Never Smoker","0.10","0.32","0.57","Never Smoker"
"GSM1051587_7800246137_R04C01","9.38","-3.01","1.46","0.30","-1.76","Current Smoker","0.74","0.23","0.03","Current Smoker"
"GSM1051588_7800246137_R05C01","12.78","-3.48","2.04","-0.01","-2.03","Current Smoker","0.87","0.11","0.01","Current Smoker"
"GSM1051589_7800246137_R06C01","5.77","-6.23","0.67","-0.33","-0.34","Current Smoker","0.58","0.21","0.21","Current Smoker"
"GSM1051590_7800246137_R02C02","9.59","-4.30","2.28","-0.82","-1.45","Current Smoker","0.94","0.04","0.02","Current Smoker"
"GSM1051591_7800246137_R03C02","-5.10","-8.07","-0.86","-0.21","1.07","Never Smoker","0.10","0.19","0.70","Never Smoker"
"GSM1051592_7800246137_R04C02","-2.29","-8.26","-1.04","0.19","0.85","Never Smoker","0.09","0.31","0.60","Never Smoker"
"GSM1051593_7800246137_R05C02","0.55","-9.46","-0.83","0.42","0.41","Former Smoker","0.13","0.44","0.44","Former Smoker"
"GSM1051594_7800246137_R06C02","1.33","-7.64","0.25","-0.22","-0.03","Current Smoker","0.42","0.26","0.32","Current Smoker"
"GSM1051595_7800246140_R01C01","-0.25","-9.05","-0.68","0.08","0.60","Never Smoker","0.15","0.32","0.53","Never Smoker"
"GSM1051596_7800246140_R02C01","12.71","-1.33","2.40","0.13","-2.53","Current Smoker","0.90","0.09","0.01","Current Smoker"
"GSM1051597_7800246140_R03C01","-0.24","-8.45","-0.60","-0.54","1.14","Never Smoker","0.13","0.14","0.73","Never Smoker"
"GSM1051598_7800246140_R04C01","-2.92","-6.87","-0.34","-0.27","0.61","Never Smoker","0.22","0.23","0.55","Never Smoker"
"GSM1051599_7800246140_R05C01","-6.07","-9.21","-1.08","-0.29","1.37","Never Smoker","0.07","0.15","0.78","Never Smoker"
"GSM1051600_7800246140_R06C01","11.69","-3.33","3.06","-0.41","-2.65","Current Smoker","0.97","0.03","0.00","Current Smoker"
"GSM1051601_7800246140_R01C02","-2.13","-8.79","-0.77","-0.10","0.87","Never Smoker","0.12","0.24","0.64","Never Smoker"
"GSM1051602_7800246140_R02C02","0.80","-5.27","1.16","-1.02","-0.13","Current Smoker","0.72","0.08","0.20","Current Smoker"
"GSM1051603_7800246140_R03C02","0.66","-8.78","-0.97","-0.09","1.06","Never Smoker","0.09","0.22","0.69","Never Smoker"
"GSM1051604_7800246140_R04C02","12.58","-3.14","2.46","-0.64","-1.81","Current Smoker","0.94","0.04","0.01","Current Smoker"
"GSM1051605_7800246140_R05C02","-0.25","-7.70","-1.03","0.13","0.90","Never Smoker","0.09","0.29","0.62","Never Smoker"
"GSM1051606_7800246140_R06C02","1.53","-6.75","0.49","-0.14","-0.34","Current Smoker","0.51","0.27","0.22","Current Smoker"
"GSM1051607_7800246188_R01C01","3.93","-6.08","-0.57","0.35","0.22","Former Smoker","0.18","0.44","0.39","Former Smoker"
"GSM1051608_7800246188_R02C01","-0.89","-5.36","0.24","-0.57","0.33","Never Smoker","0.39","0.18","0.43","Never Smoker"
"GSM1051609_7800246188_R03C01","-0.51","-9.58","-1.04","-0.18","1.22","Never Smoker","0.08","0.18","0.74","Never Smoker"
"GSM1051610_7800246188_R04C01","0.81","-8.03","-0.96","0.17","0.79","Never Smoker","0.10","0.32","0.58","Never Smoker"
"GSM1051611_7800246188_R05C01","5.53","-5.57","0.02","-0.01","-0.01","Current Smoker","0.34","0.33","0.33","Current Smoker"
"GSM1051612_7800246188_R06C01","0.09","-6.27","-0.98","-0.02","1.00","Never Smoker","0.09","0.24","0.67","Never Smoker"
"GSM1051613_7800246188_R01C02","0.76","-6.21","0.41","-1.20","0.80","Never Smoker","0.37","0.07","0.55","Never Smoker"
"GSM1051614_7800246188_R02C02","1.68","-7.14","0.07","0.00","-0.08","Current Smoker","0.36","0.33","0.31","Current Smoker"
"GSM1051615_7800246188_R04C02","2.07","-5.66","-0.34","0.48","-0.14","Former Smoker","0.22","0.50","0.27","Former Smoker"
"GSM1051616_7800246188_R05C02","1.61","-6.55","-0.14","0.52","-0.38","Former Smoker","0.27","0.52","0.21","Former Smoker"
"GSM1051617_7800246188_R06C02","0.23","-7.35","-1.63","0.33","1.30","Never Smoker","0.04","0.26","0.70","Never Smoker"
"GSM1051618_7796814016_R01C01","-4.19","-9.65","-1.48","0.40","1.08","Never Smoker","0.05","0.32","0.63","Never Smoker"
"GSM1051619_7796814016_R03C01","-0.07","-7.71","-1.46","0.24","1.22","Never Smoker","0.05","0.26","0.69","Never Smoker"
"GSM1051620_7796814016_R04C01","-3.62","-8.64","-1.21","0.69","0.52","Former Smoker","0.08","0.50","0.42","Former Smoker"
"GSM1051621_7796814016_R05C01","-3.54","-9.13","-1.92","0.23","1.69","Never Smoker","0.02","0.18","0.79","Never Smoker"
"GSM1051622_7796814016_R06C01","-2.43","-9.36","-0.76","-0.33","1.09","Never Smoker","0.11","0.17","0.72","Never Smoker"
"GSM1051623_7796814016_R01C02","-4.36","-8.95","-1.47","0.02","1.45","Never Smoker","0.04","0.19","0.77","Never Smoker"
"GSM1051624_7796814016_R02C02","8.90","-3.69","1.41","0.01","-1.41","Current Smoker","0.77","0.19","0.05","Current Smoker"
"GSM1051625_7796814016_R03C02","2.43","-6.64","-0.19","0.00","0.19","Never Smoker","0.27","0.33","0.40","Never Smoker"
"GSM1051626_7796814016_R04C02","-0.81","-9.20","-1.12","0.30","0.82","Never Smoker","0.08","0.34","0.57","Never Smoker"
"GSM1051627_7796814016_R05C02","5.76","-4.86","0.28","-0.16","-0.13","Current Smoker","0.43","0.28","0.29","Current Smoker"
"GSM1051628_7796814016_R06C02","4.06","-5.49","0.29","0.10","-0.39","Current Smoker","0.43","0.35","0.22","Current Smoker"
"GSM1051629_7800246006_R01C01","1.15","-6.60","-0.58","0.26","0.32","Never Smoker","0.17","0.40","0.42","Never Smoker"
"GSM1051630_7800246006_R02C01","16.12","-1.14","3.37","-0.32","-3.05","Current Smoker","0.97","0.02","0.00","Current Smoker"
"GSM1051631_7800246006_R03C01","-4.05","-8.66","-1.02","-0.42","1.43","Never Smoker","0.07","0.13","0.80","Never Smoker"
"GSM1051632_7800246006_R04C01","8.51","-5.71","0.94","-0.56","-0.38","Current Smoker","0.67","0.15","0.18","Current Smoker"
"GSM1051633_7800246006_R05C01","-1.77","-8.43","-0.74","0.12","0.62","Never Smoker","0.14","0.32","0.54","Never Smoker"
"GSM1051634_7800246006_R06C01","0.66","-8.01","-0.34","0.03","0.31","Never Smoker","0.23","0.33","0.44","Never Smoker"
"GSM1051635_7800246006_R01C02","6.31","-5.75","0.21","0.42","-0.64","Former Smoker","0.37","0.46","0.16","Former Smoker"
"GSM1051636_7800246006_R02C02","7.14","-3.97","1.38","-0.26","-1.12","Current Smoker","0.78","0.15","0.06","Current Smoker"
"GSM1051637_7800246006_R03C02","6.09","-7.47","0.06","-0.88","0.82","Never Smoker","0.29","0.11","0.60","Never Smoker"
"GSM1051638_7800246006_R04C02","-0.75","-7.86","-0.72","-0.11","0.83","Never Smoker","0.13","0.24","0.63","Never Smoker"
"GSM1051639_7800246006_R05C02","-5.79","-9.63","-1.41","-0.18","1.59","Never Smoker","0.04","0.14","0.82","Never Smoker"
"GSM1051640_7800246006_R06C02","-2.87","-8.65","-1.87","0.71","1.17","Never Smoker","0.03","0.38","0.60","Never Smoker"
"GSM1051641_7800246018_R01C01","3.93","-7.82","-0.81","0.28","0.53","Never Smoker","0.13","0.38","0.49","Never Smoker"
"GSM1051642_7800246018_R02C01","-2.50","-7.83","-0.56","0.04","0.52","Never Smoker","0.17","0.32","0.51","Never Smoker"
"GSM1051643_7800246018_R03C01","0.24","-7.90","-0.61","-0.12","0.73","Never Smoker","0.15","0.25","0.59","Never Smoker"
"GSM1051644_7800246018_R04C01","-0.76","-6.81","-0.48","-0.08","0.56","Never Smoker","0.19","0.28","0.53","Never Smoker"
"GSM1051645_7800246018_R05C01","14.78","-2.72","2.61","-0.04","-2.56","Current Smoker","0.93","0.07","0.01","Current Smoker"
"GSM1051646_7800246018_R06C01","15.83","-0.90","3.73","-0.54","-3.20","Current Smoker","0.99","0.01","0.00","Current Smoker"
"GSM1051647_7800246018_R01C02","-3.08","-8.66","-1.25","0.23","1.02","Never Smoker","0.07","0.29","0.64","Never Smoker"
"GSM1051648_7800246018_R02C02","9.81","-2.90","2.75","-0.60","-2.15","Current Smoker","0.96","0.03","0.01","Current Smoker"
"GSM1051649_7800246018_R03C02","-3.18","-9.63","-1.76","0.17","1.59","Never Smoker","0.03","0.19","0.78","Never Smoker"
"GSM1051650_7800246018_R04C02","3.42","-7.87","-0.93","0.08","0.84","Never Smoker","0.10","0.28","0.61","Never Smoker"
"GSM1051651_7800246018_R05C02","1.54","-9.17","-1.31","-0.10","1.40","Never Smoker","0.05","0.17","0.78","Never Smoker"
"GSM1051652_7800246018_R06C02","16.62","-3.31","1.98","0.02","-2.00","Current Smoker","0.86","0.12","0.02","Current Smoker"
"GSM1051653_7800246043_R01C01","3.70","-6.54","0.48","-0.17","-0.31","Current Smoker","0.51","0.26","0.23","Current Smoker"
"GSM1051654_7800246043_R02C01","8.58","-3.36","1.86","-0.21","-1.65","Current Smoker","0.86","0.11","0.03","Current Smoker"
"GSM1051655_7800246043_R03C01","8.59","-5.10","1.87","-0.31","-1.55","Current Smoker","0.87","0.10","0.03","Current Smoker"
"GSM1051656_7800246043_R05C01","3.18","-7.25","-0.47","0.20","0.27","Never Smoker","0.20","0.39","0.42","Never Smoker"
"GSM1051657_7800246043_R06C01","0.56","-8.72","-0.77","0.00","0.77","Never Smoker","0.13","0.28","0.60","Never Smoker"
"GSM1051658_7800246043_R01C02","-2.91","-10.03","-1.52","-0.32","1.84","Never Smoker","0.03","0.10","0.87","Never Smoker"
"GSM1051659_7800246043_R03C02","-0.15","-7.86","-0.42","0.02","0.40","Never Smoker","0.21","0.32","0.47","Never Smoker"
"GSM1051660_7800246043_R04C02","-2.02","-9.66","-1.16","-0.17","1.32","Never Smoker","0.06","0.17","0.76","Never Smoker"
"GSM1051661_7800246043_R05C02","-3.07","-8.32","-0.42","-0.08","0.51","Never Smoker","0.20","0.28","0.51","Never Smoker"
"GSM1051662_7800246043_R06C02","6.23","-3.04","0.22","0.44","-0.65","Former Smoker","0.38","0.47","0.16","Former Smoker"
"GSM1051663_7800246054_R01C01","-1.49","-8.32","-1.02","0.23","0.79","Never Smoker","0.09","0.33","0.58","Never Smoker"
"GSM1051664_7800246054_R02C01","10.57","-3.06","2.22","-0.20","-2.02","Current Smoker","0.91","0.08","0.01","Current Smoker"
"GSM1051665_7800246054_R03C01","0.05","-8.99","-0.28","-0.70","0.98","Never Smoker","0.19","0.13","0.68","Never Smoker"
"GSM1051666_7800246054_R04C01","0.34","-8.44","-0.83","-0.19","1.03","Never Smoker","0.11","0.20","0.69","Never Smoker"
"GSM1051667_7800246054_R05C01","4.23","-6.61","-0.34","-0.03","0.37","Never Smoker","0.23","0.31","0.46","Never Smoker"
"GSM1051668_7800246054_R06C01","2.17","-9.93","-0.28","-0.52","0.80","Never Smoker","0.21","0.17","0.62","Never Smoker"
"GSM1051669_7800246054_R01C02","1.88","-7.75","-1.45","0.68","0.77","Never Smoker","0.05","0.45","0.50","Never Smoker"
"GSM1051670_7800246054_R02C02","9.52","-5.33","1.02","-0.55","-0.47","Current Smoker","0.70","0.14","0.16","Current Smoker"
"GSM1051671_7800246054_R03C02","-1.60","-6.30","-0.87","0.06","0.81","Never Smoker","0.11","0.28","0.60","Never Smoker"
"GSM1051672_7800246054_R04C02","1.09","-7.84","-1.17","0.08","1.09","Never Smoker","0.07","0.25","0.68","Never Smoker"
"GSM1051673_7800246054_R05C02","-1.02","-6.50","-0.86","0.14","0.72","Never Smoker","0.12","0.32","0.57","Never Smoker"
"GSM1051674_7800246054_R06C02","-0.79","-7.33","-0.73","0.14","0.59","Never Smoker","0.14","0.33","0.53","Never Smoker"
"GSM1051675_7800246055_R01C01","7.56","-4.29","1.99","-0.16","-1.83","Current Smoker","0.88","0.10","0.02","Current Smoker"
"GSM1051676_7800246055_R02C01","-1.89","-9.47","-1.39","0.17","1.22","Never Smoker","0.05","0.25","0.70","Never Smoker"
"GSM1051677_7800246055_R03C01","0.95","-6.59","-0.73","0.98","-0.25","Former Smoker","0.12","0.68","0.20","Former Smoker"
"GSM1051678_7800246055_R04C01","9.10","-3.34","1.77","0.35","-2.12","Current Smoker","0.79","0.19","0.02","Current Smoker"
"GSM1051679_7800246055_R05C01","-1.77","-7.53","-0.90","-0.41","1.31","Never Smoker","0.09","0.14","0.78","Never Smoker"
"GSM1051680_7800246055_R06C01","-0.03","-7.96","-0.99","0.34","0.65","Never Smoker","0.10","0.38","0.52","Never Smoker"
"GSM1051681_7800246055_R01C02","2.49","-5.31","0.04","0.66","-0.69","Former Smoker","0.30","0.56","0.14","Former Smoker"
"GSM1051682_7800246055_R02C02","5.42","-5.32","0.57","-0.19","-0.37","Current Smoker","0.54","0.25","0.21","Current Smoker"
"GSM1051683_7800246055_R03C02","-2.52","-7.17","-0.42","-0.09","0.51","Never Smoker","0.20","0.28","0.51","Never Smoker"
"GSM1051684_7800246055_R04C02","-3.01","-7.00","-0.53","-0.14","0.67","Never Smoker","0.17","0.25","0.57","Never Smoker"
"GSM1051685_7800246055_R05C02","-6.25","-10.04","-1.78","0.28","1.50","Never Smoker","0.03","0.22","0.75","Never Smoker"
"GSM1051686_7800246055_R06C02","11.41","-3.70","2.43","-0.13","-2.29","Current Smoker","0.92","0.07","0.01","Current Smoker"
"GSM1051687_7800246071_R01C01","-1.61","-9.51","-1.29","0.71","0.57","Former Smoker","0.07","0.50","0.43","Former Smoker"
"GSM1051688_7800246071_R02C01","-0.34","-8.87","-1.29","0.10","1.19","Never Smoker","0.06","0.24","0.71","Never Smoker"
"GSM1051689_7800246071_R03C01","0.99","-7.75","-0.73","0.47","0.26","Former Smoker","0.14","0.47","0.39","Former Smoker"
"GSM1051690_7800246071_R04C01","10.43","-4.84","1.48","-0.18","-1.30","Current Smoker","0.80","0.15","0.05","Current Smoker"
"GSM1051691_7800246071_R05C01","-2.18","-9.07","-1.06","0.19","0.87","Never Smoker","0.09","0.31","0.61","Never Smoker"
"GSM1051692_7800246071_R06C01","-0.09","-7.97","-0.99","-0.17","1.16","Never Smoker","0.08","0.19","0.72","Never Smoker"
"GSM1051693_7800246071_R01C02","-0.21","-5.51","-0.02","-0.14","0.16","Never Smoker","0.32","0.29","0.39","Never Smoker"
"GSM1051694_7800246071_R03C02","0.44","-8.54","-0.98","-0.01","0.99","Never Smoker","0.09","0.24","0.66","Never Smoker"
"GSM1051695_7800246071_R04C02","5.76","-4.96","1.03","-1.37","0.34","Current Smoker","0.63","0.06","0.32","Current Smoker"
"GSM1051696_7800246071_R05C02","-1.29","-9.24","-1.25","0.23","1.03","Never Smoker","0.07","0.29","0.64","Never Smoker"
"GSM1051697_7800246071_R06C02","5.47","-4.22","0.80","0.07","-0.87","Current Smoker","0.60","0.29","0.11","Current Smoker"
"GSM1051698_7800246072_R01C01","-3.73","-9.48","-0.90","-0.25","1.15","Never Smoker","0.09","0.18","0.73","Never Smoker"
"GSM1051699_7800246072_R02C01","-2.80","-7.68","-0.58","-0.26","0.84","Never Smoker","0.15","0.21","0.64","Never Smoker"
"GSM1051700_7800246072_R03C01","3.67","-6.13","0.21","0.23","-0.44","Former Smoker","0.39","0.40","0.21","Former Smoker"
"GSM1051701_7800246072_R04C01","-4.06","-10.02","-1.38","0.13","1.25","Never Smoker","0.05","0.23","0.72","Never Smoker"
"GSM1051702_7800246072_R05C01","-4.25","-8.16","-1.01","-0.16","1.16","Never Smoker","0.08","0.19","0.72","Never Smoker"
"GSM1051703_7800246072_R06C01","-1.64","-7.86","-1.36","0.17","1.19","Never Smoker","0.05","0.25","0.69","Never Smoker"
"GSM1051704_7800246072_R01C02","1.53","-5.85","0.64","-0.44","-0.20","Current Smoker","0.57","0.19","0.24","Current Smoker"
"GSM1051705_7800246072_R02C02","-0.45","-7.67","-1.00","-0.03","1.02","Never Smoker","0.09","0.24","0.67","Never Smoker"
"GSM1051706_7800246072_R03C02","8.46","-3.85","1.40","-0.01","-1.39","Current Smoker","0.77","0.19","0.05","Current Smoker"
"GSM1051707_7800246072_R04C02","1.08","-5.58","0.15","0.17","-0.32","Former Smoker","0.38","0.38","0.24","Former Smoker"
"GSM1051708_7800246072_R05C02","2.81","-4.97","-0.09","0.44","-0.36","Former Smoker","0.29","0.49","0.22","Former Smoker"
"GSM1051709_7800246072_R06C02","-0.84","-8.32","-1.13","0.66","0.47","Former Smoker","0.08","0.50","0.42","Former Smoker"
"GSM1051710_7800246034_R01C01","-1.51","-8.17","-1.12","0.03","1.09","Never Smoker","0.08","0.24","0.69","Never Smoker"
"GSM1051711_7800246034_R02C01","11.10","-3.16","1.48","0.05","-1.53","Current Smoker","0.77","0.19","0.04","Current Smoker"
"GSM1051712_7800246034_R03C01","4.28","-7.27","-1.25","0.38","0.87","Never Smoker","0.07","0.35","0.58","Never Smoker"
"GSM1051713_7800246034_R04C01","0.68","-6.47","-0.34","0.14","0.20","Never Smoker","0.23","0.37","0.40","Never Smoker"
"GSM1051714_7800246034_R05C01","-3.98","-8.43","-1.71","0.45","1.26","Never Smoker","0.03","0.30","0.67","Never Smoker"
"GSM1051715_7800246034_R06C01","6.10","-6.03","0.66","-0.02","-0.63","Current Smoker","0.56","0.28","0.15","Current Smoker"
"GSM1051716_7800246034_R01C02","-4.69","-10.15","-1.36","0.16","1.20","Never Smoker","0.05","0.25","0.70","Never Smoker"
"GSM1051717_7800246034_R02C02","5.97","-3.94","0.56","-0.26","-0.30","Current Smoker","0.54","0.24","0.23","Current Smoker"
"GSM1051718_7800246034_R03C02","-1.33","-7.52","-0.45","-0.22","0.67","Never Smoker","0.19","0.24","0.57","Never Smoker"
"GSM1051719_7800246034_R04C02","8.41","-2.95","2.54","-1.01","-1.53","Current Smoker","0.96","0.03","0.02","Current Smoker"
"GSM1051720_7800246034_R05C02","10.52","-3.63","2.19","-0.95","-1.24","Current Smoker","0.93","0.04","0.03","Current Smoker"
"GSM1051721_7800246034_R06C02","3.13","-6.21","-0.67","-0.16","0.82","Never Smoker","0.14","0.23","0.62","Never Smoker"
"GSM1051722_7800246040_R01C01","-4.13","-7.86","-1.26","0.09","1.17","Never Smoker","0.06","0.24","0.70","Never Smoker"
"GSM1051723_7800246040_R02C01","4.79","-5.68","0.36","-0.28","-0.08","Current Smoker","0.46","0.24","0.30","Current Smoker"
"GSM1051724_7800246040_R03C01","4.34","-4.48","0.53","0.20","-0.73","Current Smoker","0.50","0.36","0.14","Current Smoker"
"GSM1051725_7800246040_R04C01","12.18","-3.60","1.69","-0.20","-1.49","Current Smoker","0.84","0.13","0.03","Current Smoker"
"GSM1051726_7800246040_R05C01","2.07","-6.71","-0.18","-0.56","0.74","Never Smoker","0.24","0.16","0.60","Never Smoker"
"GSM1051727_7800246040_R06C01","2.88","-8.68","-0.18","-0.54","0.72","Never Smoker","0.24","0.17","0.59","Never Smoker"
"GSM1051728_7800246040_R01C02","13.19","-3.50","1.65","-0.15","-1.50","Current Smoker","0.83","0.14","0.04","Current Smoker"
"GSM1051729_7800246040_R02C02","-1.25","-8.61","-0.80","-0.38","1.19","Never Smoker","0.10","0.15","0.74","Never Smoker"
"GSM1051730_7800246040_R03C02","-0.48","-8.13","-1.28","-0.04","1.32","Never Smoker","0.06","0.19","0.75","Never Smoker"
"GSM1051731_7800246040_R04C02","2.50","-7.53","-0.92","0.37","0.55","Never Smoker","0.11","0.41","0.48","Never Smoker"
"GSM1051732_7800246040_R05C02","-1.85","-7.89","-1.48","0.27","1.21","Never Smoker","0.05","0.27","0.68","Never Smoker"
"GSM1051733_7800246040_R06C02","2.97","-10.90","-0.95","0.46","0.50","Never Smoker","0.11","0.44","0.46","Never Smoker"
"GSM1051734_7800246041_R01C01","-5.73","-9.50","-1.49","-0.15","1.63","Never Smoker","0.04","0.14","0.82","Never Smoker"
"GSM1051735_7800246041_R02C01","-2.79","-8.33","-0.27","-0.05","0.31","Never Smoker","0.25","0.31","0.44","Never Smoker"
"GSM1051736_7800246041_R03C01","-0.96","-8.97","-1.11","-0.24","1.35","Never Smoker","0.07","0.16","0.78","Never Smoker"
"GSM1051737_7800246041_R04C01","3.12","-6.81","-0.09","-0.50","0.59","Never Smoker","0.27","0.18","0.54","Never Smoker"
"GSM1051738_7800246041_R05C01","2.22","-7.45","-0.26","-0.09","0.35","Never Smoker","0.25","0.29","0.46","Never Smoker"
"GSM1051739_7800246041_R06C01","-2.52","-10.20","-2.06","0.15","1.91","Never Smoker","0.02","0.14","0.84","Never Smoker"
"GSM1051740_7800246041_R01C02","2.05","-6.29","-0.11","0.09","0.02","Former Smoker","0.30","0.36","0.34","Former Smoker"
"GSM1051741_7800246041_R02C02","0.02","-6.01","-0.46","0.33","0.13","Former Smoker","0.20","0.44","0.36","Former Smoker"
"GSM1051742_7800246041_R03C02","-0.53","-8.65","-0.73","-0.23","0.96","Never Smoker","0.12","0.20","0.67","Never Smoker"
"GSM1051743_7800246041_R04C02","-3.61","-8.26","-0.97","-0.01","0.97","Never Smoker","0.09","0.25","0.66","Never Smoker"
"GSM1051744_7800246041_R05C02","3.21","-5.82","-0.28","0.11","0.18","Never Smoker","0.25","0.36","0.39","Never Smoker"
"GSM1051745_7800246041_R06C02","3.43","-8.52","-0.48","0.06","0.42","Never Smoker","0.19","0.33","0.47","Never Smoker"
"GSM1051746_7800246044_R01C01","-1.11","-8.27","-1.23","0.27","0.96","Never Smoker","0.07","0.31","0.62","Never Smoker"
"GSM1051747_7800246044_R02C01","-3.43","-7.58","-0.93","0.05","0.88","Never Smoker","0.10","0.27","0.62","Never Smoker"
"GSM1051748_7800246044_R03C01","14.33","-3.81","1.78","-0.01","-1.78","Current Smoker","0.84","0.14","0.02","Current Smoker"
"GSM1051749_7800246044_R04C01","-2.03","-8.61","-1.15","0.04","1.11","Never Smoker","0.07","0.24","0.69","Never Smoker"
"GSM1051750_7800246044_R05C01","9.07","-4.08","2.43","-0.49","-1.94","Current Smoker","0.94","0.05","0.01","Current Smoker"
"GSM1051751_7800246044_R06C01","1.07","-8.84","-0.78","0.63","0.15","Former Smoker","0.13","0.54","0.33","Former Smoker"
"GSM1051752_7800246044_R01C02","-1.60","-8.75","-1.12","-0.12","1.24","Never Smoker","0.07","0.19","0.74","Never Smoker"
"GSM1051753_7800246044_R02C02","1.44","-6.08","-0.13","-0.37","0.50","Never Smoker","0.27","0.22","0.51","Never Smoker"
"GSM1051754_7800246044_R03C02","0.32","-8.58","-0.28","-0.36","0.63","Never Smoker","0.23","0.21","0.56","Never Smoker"
"GSM1051755_7800246044_R04C02","-1.71","-7.75","-1.10","-0.46","1.56","Never Smoker","0.06","0.11","0.83","Never Smoker"
"GSM1051756_7800246044_R05C02","9.09","-4.87","1.63","-0.31","-1.33","Current Smoker","0.84","0.12","0.04","Current Smoker"
"GSM1051757_7800246046_R01C01","5.09","-4.15","0.75","-0.66","-0.09","Current Smoker","0.60","0.15","0.26","Current Smoker"
"GSM1051758_7800246046_R02C01","1.40","-7.67","-0.67","0.05","0.62","Never Smoker","0.15","0.31","0.54","Never Smoker"
"GSM1051759_7800246046_R03C01","5.92","-4.68","0.00","-0.08","0.08","Never Smoker","0.33","0.31","0.36","Never Smoker"
"GSM1051760_7800246046_R04C01","-2.91","-9.99","-0.97","0.02","0.95","Never Smoker","0.10","0.26","0.65","Never Smoker"
"GSM1051761_7800246046_R05C01","13.53","-3.74","2.34","0.07","-2.40","Current Smoker","0.90","0.09","0.01","Current Smoker"
"GSM1051762_7800246046_R06C01","1.64","-7.14","0.34","-0.71","0.38","Never Smoker","0.42","0.15","0.44","Never Smoker"
"GSM1051763_7800246046_R01C02","-0.71","-5.94","-0.03","-0.38","0.40","Never Smoker","0.31","0.22","0.47","Never Smoker"
"GSM1051764_7800246046_R02C02","-2.23","-8.05","-0.99","0.10","0.88","Never Smoker","0.10","0.28","0.62","Never Smoker"
"GSM1051765_7800246046_R03C02","6.04","-2.97","1.12","-0.15","-0.97","Current Smoker","0.71","0.20","0.09","Current Smoker"
"GSM1051766_7800246046_R04C02","-3.80","-8.44","-1.29","0.12","1.17","Never Smoker","0.06","0.24","0.70","Never Smoker"
"GSM1051767_7800246046_R05C02","0.25","-8.50","-1.20","0.32","0.88","Never Smoker","0.07","0.34","0.59","Never Smoker"
"GSM1051768_7800246046_R06C02","0.03","-8.78","-0.95","0.07","0.88","Never Smoker","0.10","0.28","0.62","Never Smoker"
"GSM1051769_7800246057_R01C01","-1.04","-8.41","-1.34","-0.45","1.79","Never Smoker","0.04","0.09","0.87","Never Smoker"
"GSM1051770_7800246057_R02C01","-2.44","-9.62","-1.43","0.14","1.29","Never Smoker","0.05","0.23","0.72","Never Smoker"
"GSM1051771_7800246057_R03C01","-0.56","-9.20","-1.32","-0.28","1.59","Never Smoker","0.05","0.13","0.83","Never Smoker"
"GSM1051772_7800246057_R04C01","10.51","-3.84","0.66","-0.23","-0.44","Current Smoker","0.57","0.24","0.19","Current Smoker"
"GSM1051773_7800246057_R05C01","9.56","-5.35","0.58","0.00","-0.58","Current Smoker","0.53","0.30","0.17","Current Smoker"
"GSM1051774_7800246057_R06C01","-0.96","-8.68","-0.82","-0.24","1.06","Never Smoker","0.11","0.19","0.70","Never Smoker"
"GSM1051775_7800246057_R01C02","0.17","-7.58","-0.92","0.15","0.78","Never Smoker","0.11","0.31","0.58","Never Smoker"
"GSM1051776_7800246057_R02C02","3.39","-5.18","-0.02","0.20","-0.18","Former Smoker","0.32","0.40","0.28","Former Smoker"
"GSM1051777_7800246057_R03C02","11.51","-3.35","1.72","-0.52","-1.20","Current Smoker","0.86","0.09","0.05","Current Smoker"
"GSM1051778_7800246057_R04C02","15.48","-2.57","1.78","0.31","-2.10","Current Smoker","0.80","0.18","0.02","Current Smoker"
"GSM1051779_7800246057_R05C02","-4.40","-9.19","-1.20","0.54","0.66","Never Smoker","0.08","0.43","0.49","Never Smoker"
"GSM1051780_7800246057_R06C02","11.61","-3.81","1.88","-0.13","-1.75","Current Smoker","0.86","0.12","0.02","Current Smoker"
"GSM1051781_7800246068_R01C01","8.73","-3.95","1.09","0.67","-1.76","Current Smoker","0.58","0.38","0.03","Current Smoker"
"GSM1051782_7800246068_R02C01","9.75","-3.31","2.49","-0.47","-2.01","Current Smoker","0.94","0.05","0.01","Current Smoker"
"GSM1051783_7800246068_R03C01","0.67","-5.75","0.36","0.02","-0.38","Current Smoker","0.46","0.32","0.22","Current Smoker"
"GSM1051784_7800246068_R04C01","5.70","-4.92","1.37","-0.39","-0.98","Current Smoker","0.79","0.14","0.07","Current Smoker"
"GSM1051785_7800246068_R05C01","4.97","-3.00","1.86","-0.40","-1.46","Current Smoker","0.88","0.09","0.03","Current Smoker"
"GSM1051786_7800246068_R06C01","-1.94","-10.25","-1.32","0.15","1.17","Never Smoker","0.06","0.25","0.69","Never Smoker"
"GSM1051787_7800246068_R03C02","-1.35","-7.58","-0.64","-0.05","0.69","Never Smoker","0.15","0.27","0.57","Never Smoker"
"GSM1051788_7800246068_R04C02","2.75","-6.35","-0.69","0.43","0.26","Former Smoker","0.15","0.46","0.39","Former Smoker"
"GSM1051789_7800246068_R05C02","0.12","-6.91","-0.76","0.38","0.37","Former Smoker","0.14","0.43","0.43","Former Smoker"
"GSM1051790_7800246068_R06C02","-1.72","-8.92","-1.27","0.27","1.00","Never Smoker","0.06","0.30","0.63","Never Smoker"
"GSM1051791_7800246079_R01C01","16.93","-1.65","3.21","-0.48","-2.73","Current Smoker","0.97","0.02","0.00","Current Smoker"
"GSM1051792_7800246079_R02C01","1.93","-6.77","-0.47","0.45","0.02","Former Smoker","0.19","0.49","0.32","Former Smoker"
"GSM1051793_7800246079_R04C01","6.56","-5.96","0.16","-0.08","-0.08","Current Smoker","0.39","0.30","0.31","Current Smoker"
"GSM1051794_7800246079_R05C01","7.86","-5.20","1.10","0.05","-1.15","Current Smoker","0.69","0.24","0.07","Current Smoker"
"GSM1051795_7800246079_R06C01","10.10","-4.36","1.35","-0.22","-1.14","Current Smoker","0.77","0.16","0.06","Current Smoker"
"GSM1051796_7800246079_R01C02","0.11","-6.56","-0.88","0.37","0.51","Never Smoker","0.12","0.41","0.47","Never Smoker"
"GSM1051797_7800246079_R02C02","-1.45","-7.86","-0.80","-0.60","1.40","Never Smoker","0.09","0.11","0.80","Never Smoker"
"GSM1051798_7800246079_R03C02","16.48","-0.23","3.30","0.06","-3.35","Current Smoker","0.96","0.04","0.00","Current Smoker"
"GSM1051799_7800246079_R04C02","1.57","-7.92","-0.88","-0.30","1.19","Never Smoker","0.09","0.17","0.74","Never Smoker"
"GSM1051800_7800246079_R05C02","-0.60","-8.28","-1.13","0.20","0.93","Never Smoker","0.08","0.30","0.62","Never Smoker"
"GSM1051801_7800246079_R06C02","-4.88","-7.59","-1.50","0.27","1.24","Never Smoker","0.04","0.26","0.69","Never Smoker"
"GSM1051802_7512560084_R05C02","-0.84","-9.23","-0.75","-0.59","1.34","Never Smoker","0.10","0.12","0.79","Never Smoker"
"GSM1051803_7512560084_R06C02","10.38","-1.70","2.38","-0.01","-2.37","Current Smoker","0.91","0.08","0.01","Current Smoker"
"GSM1051804_7512560103_R01C01","3.06","-6.11","0.33","-0.49","0.16","Current Smoker","0.44","0.19","0.37","Current Smoker"
"GSM1051805_7512560103_R02C01","9.42","-3.30","1.96","-0.68","-1.28","Current Smoker","0.90","0.06","0.04","Current Smoker"
"GSM1051806_7512560103_R03C01","2.31","-9.60","-1.15","-0.12","1.27","Never Smoker","0.07","0.19","0.75","Never Smoker"
"GSM1051807_7512560103_R04C01","10.94","-3.71","2.01","-0.45","-1.56","Current Smoker","0.90","0.08","0.03","Current Smoker"
"GSM1051808_7512560103_R05C01","1.55","-8.34","-0.60","-0.55","1.15","Never Smoker","0.13","0.13","0.74","Never Smoker"
"GSM1051809_7512560103_R06C01","1.50","-7.25","-0.65","-0.57","1.22","Never Smoker","0.12","0.13","0.76","Never Smoker"
"GSM1051810_7512560103_R01C02","4.77","-4.37","-0.39","-0.16","0.55","Never Smoker","0.21","0.26","0.53","Never Smoker"
"GSM1051811_7512560103_R02C02","9.98","-4.65","2.03","-1.27","-0.76","Current Smoker","0.91","0.03","0.06","Current Smoker"
"GSM1051812_7512560103_R03C02","8.44","-4.46","0.90","0.28","-1.17","Current Smoker","0.60","0.32","0.08","Current Smoker"
"GSM1051813_7512560103_R04C02","1.10","-6.63","-0.53","-0.06","0.59","Never Smoker","0.18","0.28","0.54","Never Smoker"
"GSM1051814_7512560103_R05C02","-2.70","-8.49","-0.51","-0.19","0.70","Never Smoker","0.17","0.24","0.59","Never Smoker"
"GSM1051815_7512560103_R06C02","1.28","-6.33","-0.35","-0.21","0.56","Never Smoker","0.22","0.25","0.53","Never Smoker"
"GSM1051816_7512560104_R01C01","6.46","-6.45","0.40","-0.05","-0.35","Current Smoker","0.47","0.30","0.22","Current Smoker"
"GSM1051817_7512560104_R02C01","12.19","-3.33","2.47","-0.77","-1.70","Current Smoker","0.95","0.04","0.01","Current Smoker"
"GSM1051818_7512560104_R03C01","14.03","-3.49","1.76","-0.17","-1.58","Current Smoker","0.85","0.12","0.03","Current Smoker"
"GSM1051819_7512560104_R04C01","14.61","-1.17","2.89","0.08","-2.97","Current Smoker","0.94","0.06","0.00","Current Smoker"
"GSM1051820_7512560104_R05C01","-2.01","-8.85","-1.38","0.17","1.21","Never Smoker","0.05","0.25","0.70","Never Smoker"
"GSM1051821_7512560104_R06C01","8.59","-0.81","2.54","-0.53","-2.01","Current Smoker","0.95","0.04","0.01","Current Smoker"
"GSM1051822_7512560104_R01C02","-0.70","-8.28","-0.86","-0.08","0.94","Never Smoker","0.11","0.24","0.65","Never Smoker"
"GSM1051823_7512560104_R02C02","-3.49","-8.49","-1.17","-0.07","1.24","Never Smoker","0.07","0.20","0.73","Never Smoker"
"GSM1051824_7512560104_R03C02","0.45","-6.45","-0.47","-0.28","0.75","Never Smoker","0.18","0.22","0.60","Never Smoker"
"GSM1051825_7512560104_R05C02","-0.14","-6.36","-0.17","0.20","-0.04","Former Smoker","0.28","0.40","0.32","Former Smoker"
"GSM1051826_7512560104_R06C02","5.51","-6.05","0.29","-0.07","-0.22","Current Smoker","0.44","0.30","0.26","Current Smoker"
"GSM1051827_7512560115_R01C01","8.82","-4.83","1.96","-0.54","-1.42","Current Smoker","0.90","0.07","0.03","Current Smoker"
"GSM1051828_7512560115_R02C01","-0.59","-8.37","-0.91","-0.10","1.00","Never Smoker","0.10","0.22","0.68","Never Smoker"
"GSM1051829_7512560115_R03C01","-1.88","-8.21","-1.18","0.47","0.71","Never Smoker","0.08","0.41","0.52","Never Smoker"
"GSM1051830_7512560115_R04C01","-2.38","-8.43","-0.64","-0.11","0.75","Never Smoker","0.15","0.25","0.60","Never Smoker"
"GSM1051831_7512560115_R05C01","8.23","-5.08","1.93","-0.34","-1.59","Current Smoker","0.88","0.09","0.03","Current Smoker"
"GSM1051832_7512560115_R06C01","-1.86","-9.81","-1.21","0.27","0.95","Never Smoker","0.07","0.31","0.62","Never Smoker"
"GSM1051833_7512560115_R01C02","-1.56","-9.74","-0.97","-0.40","1.37","Never Smoker","0.08","0.14","0.79","Never Smoker"
"GSM1051834_7512560115_R02C02","0.20","-7.50","-1.24","0.58","0.67","Never Smoker","0.07","0.44","0.48","Never Smoker"
"GSM1051835_7512560115_R03C02","-1.86","-8.71","-1.07","-0.31","1.37","Never Smoker","0.07","0.15","0.78","Never Smoker"
"GSM1051836_7512560115_R04C02","4.14","-4.99","0.22","-0.37","0.15","Current Smoker","0.40","0.22","0.37","Current Smoker"
"GSM1051837_7512560115_R05C02","-1.36","-8.02","-0.96","-0.07","1.03","Never Smoker","0.09","0.23","0.68","Never Smoker"
"GSM1051838_7512560115_R06C02","3.25","-5.82","0.00","-0.18","0.18","Never Smoker","0.33","0.28","0.39","Never Smoker"
"GSM1051839_7512560124_R01C01","0.72","-5.65","0.13","0.00","-0.13","Current Smoker","0.38","0.33","0.29","Current Smoker"
"GSM1051840_7512560124_R02C01","11.29","-3.52","2.13","-0.04","-2.09","Current Smoker","0.89","0.10","0.01","Current Smoker"
"GSM1051841_7512560124_R03C01","-1.53","-8.64","-0.92","0.23","0.70","Never Smoker","0.11","0.34","0.55","Never Smoker"
"GSM1051842_7512560124_R04C01","10.93","-2.89","1.87","0.00","-1.86","Current Smoker","0.85","0.13","0.02","Current Smoker"
"GSM1051843_7512560124_R05C01","-2.29","-9.03","-1.15","0.02","1.13","Never Smoker","0.07","0.23","0.70","Never Smoker"
"GSM1051844_7512560124_R06C01","-0.24","-5.99","0.43","-0.22","-0.22","Current Smoker","0.49","0.26","0.26","Current Smoker"
"GSM1051845_7512560124_R01C02","-1.88","-8.68","-0.54","-0.83","1.37","Never Smoker","0.12","0.09","0.80","Never Smoker"
"GSM1051846_7512560124_R02C02","-0.71","-7.70","-0.40","-0.41","0.81","Never Smoker","0.19","0.18","0.63","Never Smoker"
"GSM1051847_7512560124_R03C02","4.50","-5.26","1.71","-0.45","-1.26","Current Smoker","0.86","0.10","0.04","Current Smoker"
"GSM1051848_7512560124_R04C02","9.93","-4.29","1.59","-0.47","-1.12","Current Smoker","0.84","0.11","0.06","Current Smoker"
"GSM1051849_7512560124_R05C02","-0.66","-6.75","0.20","-0.44","0.24","Never Smoker","0.39","0.21","0.41","Never Smoker"
"GSM1051850_7512560124_R06C02","2.61","-7.20","-0.10","-0.29","0.39","Never Smoker","0.29","0.24","0.47","Never Smoker"
"GSM1051851_7512560128_R01C01","-1.14","-7.58","-0.42","-0.28","0.71","Never Smoker","0.19","0.22","0.59","Never Smoker"
"GSM1051852_7512560128_R02C01","8.85","-5.88","1.04","-0.19","-0.85","Current Smoker","0.69","0.20","0.10","Current Smoker"
"GSM1051853_7512560128_R04C01","2.42","-7.18","-0.04","-0.12","0.16","Never Smoker","0.32","0.29","0.39","Never Smoker"
"GSM1051854_7512560128_R05C01","5.13","-6.62","-0.10","-0.27","0.38","Never Smoker","0.29","0.24","0.47","Never Smoker"
"GSM1051855_7512560128_R06C01","-0.56","-9.53","-1.33","-0.13","1.46","Never Smoker","0.05","0.16","0.79","Never Smoker"
"GSM1051856_7512560128_R01C02","-2.07","-8.52","-1.76","0.10","1.66","Never Smoker","0.03","0.17","0.80","Never Smoker"
"GSM1051857_7512560128_R02C02","5.17","-3.75","2.14","-0.48","-1.66","Current Smoker","0.91","0.07","0.02","Current Smoker"
"GSM1051858_7512560128_R03C02","-0.90","-10.21","-1.10","-0.12","1.21","Never Smoker","0.07","0.19","0.73","Never Smoker"
"GSM1051859_7512560128_R04C02","8.37","-4.99","1.70","0.17","-1.87","Current Smoker","0.80","0.17","0.02","Current Smoker"
"GSM1051860_7512560128_R05C02","8.19","-4.61","2.15","-0.23","-1.91","Current Smoker","0.90","0.08","0.02","Current Smoker"
"GSM1051861_7512560128_R06C02","7.23","-4.11","0.76","-0.07","-0.69","Current Smoker","0.60","0.26","0.14","Current Smoker"
"GSM1051862_7766130158_R01C01","11.63","-4.10","2.23","-0.56","-1.67","Current Smoker","0.92","0.06","0.02","Current Smoker"
"GSM1051863_7766130158_R02C01","9.72","-3.25","2.25","-0.38","-1.87","Current Smoker","0.92","0.07","0.01","Current Smoker"
"GSM1051864_7766130158_R03C01","-2.87","-8.59","-1.09","-0.09","1.18","Never Smoker","0.07","0.20","0.72","Never Smoker"
"GSM1051865_7766130158_R04C01","-4.41","-8.78","-1.38","-0.10","1.47","Never Smoker","0.05","0.16","0.79","Never Smoker"
"GSM1051866_7766130158_R05C01","-6.67","-10.82","-1.35","-0.29","1.64","Never Smoker","0.04","0.12","0.84","Never Smoker"
"GSM1051867_7766130158_R06C01","4.86","-3.84","0.29","0.24","-0.53","Current Smoker","0.42","0.40","0.18","Current Smoker"
"GSM1051868_7766130158_R01C02","3.62","-6.61","0.29","0.05","-0.34","Current Smoker","0.43","0.34","0.23","Current Smoker"
"GSM1051869_7766130158_R02C02","0.49","-7.94","-0.75","-0.08","0.83","Never Smoker","0.13","0.25","0.62","Never Smoker"
"GSM1051870_7766130158_R03C02","-0.94","-8.45","-1.08","-0.38","1.45","Never Smoker","0.06","0.13","0.81","Never Smoker"
"GSM1051871_7766130158_R05C02","-6.24","-9.49","-1.72","0.25","1.46","Never Smoker","0.03","0.22","0.75","Never Smoker"
"GSM1051872_7766130158_R06C02","-0.94","-6.91","-0.84","0.17","0.67","Never Smoker","0.12","0.33","0.55","Never Smoker"
"GSM1051873_7766130166_R01C01","15.70","-4.54","2.35","-0.84","-1.50","Current Smoker","0.94","0.04","0.02","Current Smoker"
"GSM1051874_7766130166_R02C01","5.99","-4.85","1.44","-0.01","-1.42","Current Smoker","0.77","0.18","0.04","Current Smoker"
"GSM1051875_7766130166_R03C01","-0.46","-6.31","0.39","-0.64","0.24","Current Smoker","0.45","0.16","0.39","Current Smoker"
"GSM1051876_7766130166_R04C01","-4.36","-8.27","-1.66","0.62","1.03","Never Smoker","0.04","0.38","0.58","Never Smoker"
"GSM1051877_7766130166_R05C01","-1.19","-9.41","-1.50","0.24","1.26","Never Smoker","0.04","0.25","0.70","Never Smoker"
"GSM1051878_7766130166_R06C01","-2.46","-7.76","-0.51","-0.04","0.55","Never Smoker","0.18","0.29","0.53","Never Smoker"
"GSM1051879_7766130166_R01C02","7.51","-1.64","2.62","-0.51","-2.12","Current Smoker","0.95","0.04","0.01","Current Smoker"
"GSM1051880_7766130166_R02C02","1.82","-5.47","0.41","-0.05","-0.35","Current Smoker","0.48","0.30","0.22","Current Smoker"
"GSM1051881_7766130166_R03C02","-3.34","-9.04","-1.06","-0.18","1.24","Never Smoker","0.07","0.18","0.74","Never Smoker"
"GSM1051882_7766130166_R04C02","-2.78","-8.31","-1.29","0.14","1.15","Never Smoker","0.06","0.25","0.69","Never Smoker"
"GSM1051883_7766130166_R05C02","7.11","-5.52","0.81","-0.46","-0.35","Current Smoker","0.63","0.18","0.20","Current Smoker"
"GSM1051884_7766130166_R06C02","0.59","-7.72","-0.14","0.00","0.14","Never Smoker","0.29","0.33","0.38","Never Smoker"
"GSM1051885_5730192015_R01C01","3.13","-7.27","-0.93","-0.01","0.94","Never Smoker","0.10","0.25","0.65","Never Smoker"
"GSM1051886_5730192015_R04C01","-0.80","-7.33","-0.57","0.13","0.43","Never Smoker","0.17","0.35","0.47","Never Smoker"
"GSM1051887_5730192015_R05C01","3.53","-7.32","-0.20","-0.11","0.30","Never Smoker","0.27","0.29","0.44","Never Smoker"
"GSM1051888_5730192015_R06C01","4.67","-3.10","1.43","-0.21","-1.22","Current Smoker","0.79","0.15","0.06","Current Smoker"
"GSM1051889_5730192015_R01C02","17.52","-2.61","3.05","-0.81","-2.24","Current Smoker","0.97","0.02","0.00","Current Smoker"
"GSM1051890_5730192015_R02C02","4.46","-5.24","1.84","-0.63","-1.21","Current Smoker","0.88","0.07","0.04","Current Smoker"
"GSM1051891_5730192015_R03C02","-1.81","-9.67","-1.31","0.00","1.31","Never Smoker","0.05","0.20","0.75","Never Smoker"
"GSM1051892_5730192015_R05C02","6.86","-5.94","0.63","0.08","-0.71","Current Smoker","0.54","0.31","0.14","Current Smoker"
"GSM1051893_5730192015_R06C02","-3.38","-8.80","-0.41","-0.34","0.75","Never Smoker","0.19","0.20","0.61","Never Smoker"
"GSM1051894_5730192033_R01C01","12.67","-2.18","2.79","-0.08","-2.71","Current Smoker","0.94","0.05","0.00","Current Smoker"
"GSM1051895_5730192033_R02C01","-6.94","-8.82","-1.07","-0.18","1.26","Never Smoker","0.07","0.18","0.75","Never Smoker"
"GSM1051896_5730192033_R04C01","1.56","-5.48","0.38","-0.39","0.01","Current Smoker","0.46","0.22","0.32","Current Smoker"
"GSM1051897_5730192033_R05C01","-1.71","-8.84","-0.82","0.02","0.80","Never Smoker","0.12","0.28","0.60","Never Smoker"
"GSM1051898_5730192033_R06C01","1.31","-8.85","-0.63","0.19","0.44","Never Smoker","0.16","0.37","0.47","Never Smoker"
"GSM1051899_5730192033_R02C02","6.99","-4.19","1.11","-0.25","-0.86","Current Smoker","0.72","0.18","0.10","Current Smoker"
"GSM1051900_5730192033_R05C02","10.92","-3.43","1.68","0.19","-1.87","Current Smoker","0.80","0.18","0.02","Current Smoker"
"GSM1051901_5730192053_R01C01","13.23","-3.86","2.93","-0.60","-2.34","Current Smoker","0.97","0.03","0.00","Current Smoker"
"GSM1051902_5730192053_R02C01","0.81","-7.26","-0.57","-0.40","0.97","Never Smoker","0.15","0.17","0.68","Never Smoker"
"GSM1051903_5730192053_R03C01","2.25","-7.14","-0.93","0.06","0.87","Never Smoker","0.10","0.28","0.62","Never Smoker"
"GSM1051904_5730192053_R05C01","5.75","-4.38","0.98","0.11","-1.09","Current Smoker","0.65","0.27","0.08","Current Smoker"
"GSM1051905_5730192053_R06C01","4.74","-7.49","0.23","-0.60","0.37","Never Smoker","0.39","0.17","0.45","Never Smoker"
"GSM1051906_5730192053_R01C02","-1.83","-7.39","-1.44","-0.02","1.46","Never Smoker","0.04","0.18","0.78","Never Smoker"
"GSM1051907_5730192053_R02C02","4.19","-5.75","1.12","-0.65","-0.47","Current Smoker","0.73","0.12","0.15","Current Smoker"
"GSM1051908_5730192053_R05C02","1.44","-7.39","-0.06","0.35","-0.29","Former Smoker","0.30","0.46","0.24","Former Smoker"
"GSM1051909_5730192053_R06C02","1.55","-5.15","0.29","0.29","-0.58","Former Smoker","0.41","0.41","0.17","Former Smoker"
"GSM1051910_5730504013_R02C01","14.89","-2.45","2.44","-0.58","-1.85","Current Smoker","0.94","0.05","0.01","Current Smoker"
"GSM1051911_5730504013_R03C01","-1.45","-9.45","-1.59","-0.17","1.76","Never Smoker","0.03","0.12","0.85","Never Smoker"
"GSM1051912_5730504013_R06C01","9.65","-4.55","1.99","-0.45","-1.54","Current Smoker","0.90","0.08","0.03","Current Smoker"
"GSM1051913_5730504013_R01C02","-0.41","-6.72","0.18","0.05","-0.22","Current Smoker","0.39","0.34","0.26","Current Smoker"
"GSM1051914_5730504013_R05C02","-2.70","-9.07","-1.15","0.31","0.83","Never Smoker","0.08","0.34","0.58","Never Smoker"
"GSM1051915_5730504013_R06C02","1.15","-3.82","0.99","-0.72","-0.27","Current Smoker","0.68","0.12","0.19","Current Smoker"
"GSM1051916_5730504014_R01C01","8.15","-4.82","1.39","-0.09","-1.31","Current Smoker","0.77","0.18","0.05","Current Smoker"
"GSM1051917_5730504014_R03C01","5.42","-5.48","0.36","0.16","-0.52","Current Smoker","0.45","0.37","0.19","Current Smoker"
"GSM1051918_5730504014_R04C01","5.23","-7.04","0.26","-0.01","-0.25","Current Smoker","0.42","0.32","0.25","Current Smoker"
"GSM1051919_5730504014_R05C01","-2.44","-9.75","-1.00","0.17","0.83","Never Smoker","0.10","0.31","0.60","Never Smoker"
"GSM1051920_5730504014_R06C01","-2.81","-9.87","-1.10","0.00","1.10","Never Smoker","0.08","0.23","0.69","Never Smoker"
"GSM1051921_5730504014_R01C02","-3.32","-7.62","-0.64","0.24","0.40","Never Smoker","0.16","0.39","0.45","Never Smoker"
"GSM1051922_5730504014_R02C02","-2.78","-8.93","-1.23","-0.05","1.28","Never Smoker","0.06","0.20","0.74","Never Smoker"
"GSM1051923_5730504014_R03C02","9.03","-7.05","1.81","-0.44","-1.37","Current Smoker","0.87","0.09","0.04","Current Smoker"
"GSM1051924_5730504014_R05C02","0.02","-8.86","-1.36","0.10","1.27","Never Smoker","0.05","0.22","0.72","Never Smoker"
"GSM1051925_5730504014_R06C02","-2.18","-9.73","-1.37","-0.20","1.57","Never Smoker","0.04","0.14","0.82","Never Smoker"
"GSM1051926_5730504015_R01C01","1.83","-7.98","-1.00","0.06","0.93","Never Smoker","0.09","0.27","0.64","Never Smoker"
"GSM1051927_5730504015_R02C01","3.74","-8.16","-0.57","-0.13","0.70","Never Smoker","0.16","0.25","0.58","Never Smoker"
"GSM1051928_5730504015_R03C01","0.55","-8.59","-0.63","-0.44","1.07","Never Smoker","0.13","0.16","0.71","Never Smoker"
"GSM1051929_5730504015_R04C01","-1.78","-8.90","-1.15","0.61","0.55","Former Smoker","0.08","0.47","0.44","Former Smoker"
"GSM1051930_5730504015_R05C01","-8.35","-9.91","-1.77","-0.17","1.94","Never Smoker","0.02","0.11","0.87","Never Smoker"
"GSM1051931_5730504015_R05C02","-2.25","-8.75","-1.26","0.19","1.08","Never Smoker","0.06","0.27","0.66","Never Smoker"
"GSM1051932_5730504015_R06C02","4.33","-5.27","0.43","-0.34","-0.09","Current Smoker","0.49","0.23","0.29","Current Smoker"
"GSM1051933_5730504031_R01C01","-1.79","-9.33","-0.99","-0.63","1.61","Never Smoker","0.06","0.09","0.85","Never Smoker"
"GSM1051934_5730504031_R04C01","2.57","-4.57","0.61","0.36","-0.97","Current Smoker","0.50","0.39","0.10","Current Smoker"
"GSM1051935_5730504031_R06C01","-0.78","-9.24","-1.15","-0.53","1.68","Never Smoker","0.05","0.09","0.86","Never Smoker"
"GSM1051936_5730504031_R01C02","8.62","-3.39","1.20","0.02","-1.22","Current Smoker","0.72","0.22","0.06","Current Smoker"
"GSM1051937_5730504031_R04C02","-3.40","-9.22","-1.62","0.15","1.47","Never Smoker","0.03","0.20","0.76","Never Smoker"
"GSM1051938_5730504031_R05C02","0.64","-6.52","-0.78","0.16","0.62","Never Smoker","0.13","0.34","0.53","Never Smoker"
"GSM1051939_5730504060_R01C01","-2.95","-9.86","-2.01","0.25","1.76","Never Smoker","0.02","0.18","0.80","Never Smoker"
"GSM1051940_5730504060_R02C01","-4.11","-8.55","-0.97","-0.08","1.06","Never Smoker","0.09","0.22","0.69","Never Smoker"
"GSM1051941_5730504060_R03C01","-1.00","-7.02","-0.51","-0.77","1.28","Never Smoker","0.13","0.10","0.77","Never Smoker"
"GSM1051942_5730504060_R05C01","12.04","-2.34","2.59","-0.22","-2.37","Current Smoker","0.94","0.06","0.01","Current Smoker"
"GSM1051943_5730504060_R06C01","-5.63","-8.60","-1.63","-0.19","1.82","Never Smoker","0.03","0.12","0.86","Never Smoker"
"GSM1051944_5730504060_R02C02","-3.83","-10.01","-1.27","0.07","1.19","Never Smoker","0.06","0.23","0.71","Never Smoker"
"GSM1051945_5730504060_R03C02","8.36","-2.92","1.42","0.60","-2.02","Current Smoker","0.68","0.30","0.02","Current Smoker"
"GSM1051946_5730504060_R04C02","-1.71","-8.35","-0.40","-0.45","0.84","Never Smoker","0.19","0.18","0.64","Never Smoker"
"GSM1051947_5730504060_R05C02","4.67","-6.60","0.78","-0.15","-0.64","Current Smoker","0.61","0.24","0.15","Current Smoker"
"GSM1051948_5730504060_R06C02","-1.44","-10.08","-0.90","-0.35","1.24","Never Smoker","0.09","0.15","0.76","Never Smoker"
"GSM1051949_5765205058_R01C01","-1.27","-8.85","-1.22","-0.32","1.55","Never Smoker","0.05","0.13","0.82","Never Smoker"
"GSM1051950_5765205058_R02C01","2.84","-7.88","-0.63","-0.02","0.65","Never Smoker","0.16","0.29","0.56","Never Smoker"
"GSM1051951_5765205058_R04C01","-1.39","-7.21","-0.81","0.57","0.24","Former Smoker","0.13","0.51","0.37","Former Smoker"
"GSM1051952_5765205058_R05C01","-5.16","-10.30","-1.72","0.38","1.34","Never Smoker","0.03","0.27","0.70","Never Smoker"
"GSM1051953_5765205058_R06C01","-0.35","-9.13","-0.83","-0.20","1.03","Never Smoker","0.11","0.20","0.69","Never Smoker"
"GSM1051954_5765205058_R01C02","12.54","-3.09","2.28","-0.11","-2.17","Current Smoker","0.91","0.08","0.01","Current Smoker"
"GSM1051955_5765205058_R02C02","-0.70","-9.01","-1.63","0.26","1.37","Never Smoker","0.04","0.24","0.72","Never Smoker"
"GSM1051956_5765205058_R03C02","3.23","-4.52","1.24","-0.58","-0.66","Current Smoker","0.76","0.12","0.11","Current Smoker"
"GSM1051957_5765205058_R05C02","6.19","-5.55","-0.17","-0.25","0.42","Never Smoker","0.27","0.25","0.48","Never Smoker"
"GSM1051958_5765205058_R06C02","13.04","-2.32","2.38","-0.60","-1.77","Current Smoker","0.94","0.05","0.01","Current Smoker"
"GSM1051959_5765205059_R02C01","12.83","-3.30","2.07","-0.04","-2.03","Current Smoker","0.88","0.11","0.01","Current Smoker"
"GSM1051960_5765205059_R03C01","-3.23","-8.76","-1.39","-0.25","1.65","Never Smoker","0.04","0.12","0.84","Never Smoker"
"GSM1051961_5765205059_R04C01","0.25","-9.56","-0.75","-0.55","1.30","Never Smoker","0.10","0.12","0.78","Never Smoker"
"GSM1051962_5765205059_R05C01","15.09","-2.06","2.46","-0.58","-1.88","Current Smoker","0.94","0.05","0.01","Current Smoker"
"GSM1051963_5765205059_R06C01","12.63","-6.35","0.42","-0.09","-0.33","Current Smoker","0.48","0.29","0.23","Current Smoker"
"GSM1051964_5765205059_R01C02","3.99","-6.61","-0.51","-0.34","0.85","Never Smoker","0.16","0.19","0.64","Never Smoker"
"GSM1051965_5765205059_R02C02","-4.39","-8.62","-1.21","-0.74","1.96","Never Smoker","0.04","0.06","0.90","Never Smoker"
"GSM1051966_5765205059_R04C02","-0.11","-8.31","-0.69","-0.78","1.48","Never Smoker","0.09","0.09","0.82","Never Smoker"
"GSM1051967_5765205059_R05C02","5.03","-5.71","-0.04","-0.02","0.05","Never Smoker","0.32","0.33","0.35","Never Smoker"
"GSM1051968_5765205059_R06C02","1.18","-7.22","0.45","-0.46","0.01","Current Smoker","0.49","0.20","0.31","Current Smoker"
"GSM1051969_5771710004_R02C01","-3.37","-10.30","-1.81","0.33","1.49","Never Smoker","0.03","0.23","0.74","Never Smoker"
"GSM1051970_5771710004_R03C01","0.83","-6.03","-0.27","-0.13","0.40","Never Smoker","0.24","0.28","0.48","Never Smoker"
"GSM1051971_5771710004_R05C01","-1.23","-9.37","-1.66","0.38","1.27","Never Smoker","0.04","0.28","0.68","Never Smoker"
"GSM1051972_5771710004_R06C01","0.89","-8.13","-0.74","0.32","0.42","Never Smoker","0.14","0.41","0.45","Never Smoker"
"GSM1051973_5771710004_R02C02","11.17","-4.21","1.62","-0.06","-1.56","Current Smoker","0.81","0.15","0.03","Current Smoker"
"GSM1051974_5771710004_R06C02","-0.45","-8.42","-0.26","-0.19","0.45","Never Smoker","0.24","0.26","0.49","Never Smoker"
"GSM1051975_5771710029_R01C01","-4.77","-8.99","-1.42","0.10","1.32","Never Smoker","0.05","0.22","0.74","Never Smoker"
"GSM1051976_5771710029_R02C01","1.19","-8.91","-0.51","0.13","0.38","Never Smoker","0.19","0.36","0.46","Never Smoker"
"GSM1051977_5771710029_R04C01","6.14","-5.41","0.68","-0.32","-0.36","Current Smoker","0.58","0.21","0.20","Current Smoker"
"GSM1051978_5771710029_R05C01","7.66","-2.83","2.67","-1.02","-1.65","Current Smoker","0.96","0.02","0.01","Current Smoker"
"GSM1051979_5771710029_R03C02","-2.64","-9.36","-0.85","0.27","0.58","Never Smoker","0.12","0.37","0.51","Never Smoker"
"GSM1051980_5771710029_R05C02","-1.98","-8.85","-1.41","-0.33","1.74","Never Smoker","0.04","0.11","0.86","Never Smoker"
"GSM1051981_5771710029_R06C02","9.49","-3.98","1.42","-0.61","-0.81","Current Smoker","0.81","0.11","0.09","Current Smoker"
"GSM1051982_5771710030_R01C01","-2.21","-8.84","-1.24","-0.51","1.76","Never Smoker","0.04","0.09","0.87","Never Smoker"
"GSM1051983_5771710030_R03C01","-5.07","-8.74","-1.62","0.51","1.11","Never Smoker","0.04","0.34","0.62","Never Smoker"
"GSM1051984_5771710030_R04C01","19.15","-2.52","2.64","-0.17","-2.47","Current Smoker","0.94","0.06","0.01","Current Smoker"
"GSM1051985_5771710030_R05C01","-2.76","-9.42","-1.14","-0.40","1.54","Never Smoker","0.06","0.12","0.83","Never Smoker"
"GSM1051986_5771710030_R06C01","3.78","-7.21","-0.36","0.31","0.05","Former Smoker","0.22","0.44","0.34","Former Smoker"
"GSM1051987_5771710030_R01C02","7.69","-5.20","0.50","-0.45","-0.05","Current Smoker","0.51","0.20","0.29","Current Smoker"
"GSM1051988_5771710030_R02C02","4.07","-7.22","0.48","-0.72","0.24","Current Smoker","0.48","0.14","0.38","Current Smoker"
"GSM1051989_5771710030_R03C02","15.02","-0.51","3.89","-0.54","-3.34","Current Smoker","0.99","0.01","0.00","Current Smoker"
"GSM1051990_5771710030_R04C02","7.80","-4.31","1.18","-0.55","-0.63","Current Smoker","0.75","0.13","0.12","Current Smoker"
"GSM1051991_5771710030_R06C02","-1.83","-10.10","-1.15","0.12","1.02","Never Smoker","0.08","0.27","0.66","Never Smoker"
"GSM1051992_5771710048_R02C01","-2.08","-9.47","-1.28","0.35","0.93","Never Smoker","0.07","0.34","0.60","Never Smoker"
"GSM1051993_5771710048_R04C01","0.14","-9.32","-0.79","-0.38","1.17","Never Smoker","0.10","0.16","0.74","Never Smoker"
"GSM1051994_5771710048_R05C01","4.25","-4.22","0.48","-0.50","0.02","Current Smoker","0.50","0.19","0.31","Current Smoker"
"GSM1051995_5771710048_R06C01","-1.18","-10.01","-0.93","-0.69","1.63","Never Smoker","0.07","0.08","0.85","Never Smoker"
"GSM1051996_5771710048_R05C02","-4.59","-9.01","-1.07","-0.27","1.34","Never Smoker","0.07","0.16","0.77","Never Smoker"
"GSM1051997_5771710048_R06C02","-0.50","-8.96","-1.07","-0.76","1.83","Never Smoker","0.05","0.07","0.89","Never Smoker"
"GSM1051998_5771710058_R01C01","-6.41","-9.07","-1.79","0.12","1.67","Never Smoker","0.03","0.17","0.81","Never Smoker"
"GSM1051999_5771710058_R02C01","-1.63","-10.17","-0.64","-0.51","1.15","Never Smoker","0.12","0.14","0.74","Never Smoker"
"GSM1052000_5771710058_R04C01","-1.19","-9.33","-1.30","-0.46","1.76","Never Smoker","0.04","0.09","0.87","Never Smoker"
"GSM1052001_5771710058_R05C01","11.87","-4.59","1.19","-0.24","-0.95","Current Smoker","0.74","0.18","0.09","Current Smoker"
"GSM1052002_5771710058_R05C02","1.19","-4.92","-0.09","-0.28","0.37","Never Smoker","0.29","0.24","0.47","Never Smoker"
"GSM1052003_5771710058_R06C02","12.39","-1.56","3.25","-0.47","-2.78","Current Smoker","0.97","0.02","0.00","Current Smoker"
"GSM1052004_5771710059_R02C01","-1.40","-9.74","-0.87","-0.83","1.70","Never Smoker","0.07","0.07","0.86","Never Smoker"
"GSM1052005_5771710059_R03C01","-5.08","-8.88","-1.86","0.54","1.32","Never Smoker","0.03","0.31","0.67","Never Smoker"
"GSM1052006_5771710059_R05C01","-2.22","-6.97","-0.92","0.50","0.42","Former Smoker","0.11","0.46","0.43","Former Smoker"
"GSM1052007_5771710059_R01C02","4.18","-5.07","0.11","0.00","-0.11","Current Smoker","0.37","0.33","0.30","Current Smoker"
"GSM1052008_5771710059_R02C02","0.06","-9.06","-0.89","-0.15","1.05","Never Smoker","0.10","0.21","0.69","Never Smoker"
"GSM1052009_5771710059_R05C02","-0.88","-8.47","-1.52","-0.04","1.56","Never Smoker","0.04","0.16","0.80","Never Smoker"
"GSM1052010_5771710059_R06C02","6.57","-6.24","1.18","-0.86","-0.32","Current Smoker","0.74","0.10","0.17","Current Smoker"
"GSM1052011_5730053006_R03C01","-0.31","-7.88","-0.63","-0.63","1.26","Never Smoker","0.12","0.12","0.77","Never Smoker"
"GSM1052012_5730053006_R06C01","8.32","-2.95","1.51","-0.46","-1.05","Current Smoker","0.82","0.11","0.06","Current Smoker"
"GSM1052013_5730053006_R01C02","-1.19","-9.49","-0.56","-0.77","1.34","Never Smoker","0.12","0.10","0.79","Never Smoker"
"GSM1052014_5730053006_R02C02","-0.43","-10.10","-0.93","-0.47","1.41","Never Smoker","0.08","0.12","0.80","Never Smoker"
"GSM1052015_5730053006_R03C02","-4.23","-8.82","-1.05","0.34","0.71","Never Smoker","0.09","0.37","0.54","Never Smoker"
"GSM1052016_5730053006_R04C02","2.51","-4.92","0.63","-0.04","-0.59","Current Smoker","0.55","0.28","0.16","Current Smoker"
"GSM1052017_5730053006_R05C02","-0.78","-8.37","-0.41","-0.19","0.60","Never Smoker","0.20","0.25","0.55","Never Smoker"
"GSM1052018_5730053006_R06C02","-0.79","-10.04","-0.99","-0.22","1.20","Never Smoker","0.08","0.18","0.74","Never Smoker"
"GSM1052019_5730053010_R01C01","2.09","-5.75","0.02","-0.52","0.51","Never Smoker","0.31","0.18","0.51","Never Smoker"
"GSM1052020_5730053010_R02C01","2.58","-6.05","0.58","-0.42","-0.16","Current Smoker","0.54","0.20","0.26","Current Smoker"
"GSM1052021_5730053010_R03C01","9.26","-4.07","1.65","-0.41","-1.24","Current Smoker","0.84","0.11","0.05","Current Smoker"
"GSM1052022_5730053010_R04C01","-2.89","-9.95","-0.38","-0.93","1.32","Never Smoker","0.14","0.08","0.78","Never Smoker"
"GSM1052023_5730053010_R06C01","-1.00","-9.75","-1.45","-0.40","1.85","Never Smoker","0.03","0.09","0.87","Never Smoker"
"GSM1052024_5730053010_R01C02","-1.33","-9.62","-0.60","-0.70","1.31","Never Smoker","0.12","0.10","0.78","Never Smoker"
"GSM1052025_5730053010_R02C02","0.22","-9.67","-1.28","0.13","1.15","Never Smoker","0.06","0.25","0.69","Never Smoker"
"GSM1052026_5730053010_R05C02","11.49","-0.87","2.87","-0.33","-2.55","Current Smoker","0.96","0.04","0.00","Current Smoker"
"GSM1052027_5730053010_R06C02","4.91","-4.81","1.05","0.03","-1.08","Current Smoker","0.68","0.24","0.08","Current Smoker"
"GSM1052028_5730053011_R01C01","5.82","-6.88","0.15","-0.10","-0.05","Current Smoker","0.38","0.30","0.32","Current Smoker"
"GSM1052029_5730053011_R02C01","-1.15","-6.86","0.21","-0.41","0.20","Current Smoker","0.40","0.21","0.39","Current Smoker"
"GSM1052030_5730053011_R04C01","2.83","-6.92","-0.33","-0.50","0.83","Never Smoker","0.20","0.17","0.63","Never Smoker"
"GSM1052031_5730053011_R05C01","8.12","-3.41","1.98","-0.14","-1.84","Current Smoker","0.88","0.10","0.02","Current Smoker"
"GSM1052032_5730053011_R06C01","6.71","-4.82","1.45","-0.52","-0.93","Current Smoker","0.81","0.11","0.08","Current Smoker"
"GSM1052033_5730053011_R01C02","-2.67","-8.62","-0.46","-0.49","0.96","Never Smoker","0.16","0.16","0.68","Never Smoker"
"GSM1052034_5730053011_R03C02","1.67","-7.86","-0.39","-0.15","0.54","Never Smoker","0.21","0.27","0.53","Never Smoker"
"GSM1052035_5730053011_R04C02","-1.56","-9.20","-0.46","-0.76","1.22","Never Smoker","0.14","0.10","0.76","Never Smoker"
"GSM1052036_5730053011_R05C02","-3.48","-9.65","-1.33","-0.47","1.80","Never Smoker","0.04","0.09","0.87","Never Smoker"
"GSM1052037_5730053011_R06C02","-1.32","-8.45","-0.58","-0.14","0.72","Never Smoker","0.16","0.25","0.59","Never Smoker"
"GSM1052038_5730053027_R01C01","4.01","-8.01","-0.05","-0.50","0.55","Never Smoker","0.29","0.18","0.53","Never Smoker"
"GSM1052039_5730053027_R02C01","-3.34","-8.86","-1.00","-0.03","1.03","Never Smoker","0.09","0.24","0.68","Never Smoker"
"GSM1052040_5730053027_R03C01","-0.01","-9.58","-0.54","-0.92","1.45","Never Smoker","0.11","0.08","0.81","Never Smoker"
"GSM1052041_5730053027_R04C01","3.50","-4.23","-0.07","0.19","-0.12","Former Smoker","0.31","0.40","0.29","Former Smoker"
"GSM1052042_5730053027_R05C01","9.45","-3.07","2.23","-0.62","-1.61","Current Smoker","0.93","0.05","0.02","Current Smoker"
"GSM1052043_5730053027_R01C02","-0.64","-7.78","-1.01","-0.05","1.05","Never Smoker","0.09","0.23","0.69","Never Smoker"
"GSM1052044_5730053027_R02C02","-1.84","-7.97","0.36","-0.85","0.48","Never Smoker","0.41","0.12","0.46","Never Smoker"
"GSM1052045_5730053027_R05C02","6.03","-5.15","0.87","-0.08","-0.80","Current Smoker","0.63","0.25","0.12","Current Smoker"
"GSM1052046_5730053027_R06C02","0.52","-6.66","0.41","0.09","-0.50","Current Smoker","0.47","0.34","0.19","Current Smoker"
"GSM1052047_5730053037_R01C01","-1.16","-8.22","-1.17","0.15","1.02","Never Smoker","0.07","0.27","0.65","Never Smoker"
"GSM1052048_5730053037_R04C01","-4.55","-8.89","-1.16","-0.11","1.27","Never Smoker","0.07","0.19","0.75","Never Smoker"
"GSM1052049_5730053037_R06C01","0.81","-7.87","-0.78","0.78","0.00","Former Smoker","0.13","0.60","0.28","Former Smoker"
"GSM1052050_5730053037_R01C02","-0.63","-7.51","-0.34","-0.91","1.26","Never Smoker","0.15","0.09","0.76","Never Smoker"
"GSM1052051_5730053037_R02C02","2.34","-7.24","-0.72","-0.19","0.91","Never Smoker","0.13","0.22","0.65","Never Smoker"
"GSM1052052_5730053037_R03C02","6.14","-6.13","0.06","0.23","-0.29","Former Smoker","0.34","0.41","0.24","Former Smoker"
"GSM1052053_5730053037_R04C02","0.72","-7.63","-0.68","-0.38","1.07","Never Smoker","0.12","0.17","0.71","Never Smoker"
"GSM1052054_5730053037_R05C02","10.53","-4.14","1.26","-0.09","-1.17","Current Smoker","0.74","0.19","0.06","Current Smoker"
"GSM1052055_5730053038_R01C01","-1.94","-8.36","-0.34","-0.23","0.57","Never Smoker","0.22","0.24","0.54","Never Smoker"
"GSM1052056_5730053038_R02C01","-2.19","-8.97","-0.88","-0.76","1.64","Never Smoker","0.07","0.08","0.85","Never Smoker"
"GSM1052057_5730053038_R04C01","11.18","-2.34","1.58","0.60","-2.17","Current Smoker","0.72","0.27","0.02","Current Smoker"
"GSM1052058_5730053038_R05C01","0.66","-6.32","1.50","-0.76","-0.74","Current Smoker","0.83","0.09","0.09","Current Smoker"
"GSM1052059_5730053038_R01C02","12.82","-2.80","2.75","-0.42","-2.32","Current Smoker","0.95","0.04","0.01","Current Smoker"
"GSM1052060_5730053038_R03C02","11.42","-2.84","2.23","-0.41","-1.82","Current Smoker","0.92","0.07","0.02","Current Smoker"
"GSM1052061_5730053038_R05C02","-5.77","-10.08","-1.15","-0.43","1.58","Never Smoker","0.05","0.11","0.83","Never Smoker"
"GSM1052062_5730053038_R06C02","1.43","-9.65","-0.80","-0.74","1.54","Never Smoker","0.08","0.09","0.83","Never Smoker"
"GSM1052063_5730053047_R01C01","11.92","-0.36","2.03","0.00","-2.03","Current Smoker","0.87","0.11","0.01","Current Smoker"
"GSM1052064_5730053047_R02C01","-1.10","-9.05","-0.94","-0.21","1.15","Never Smoker","0.09","0.19","0.72","Never Smoker"
"GSM1052065_5730053047_R05C01","0.38","-7.62","-0.36","-0.04","0.41","Never Smoker","0.22","0.30","0.48","Never Smoker"
"GSM1052066_5730053047_R06C01","0.66","-7.78","-0.79","0.08","0.72","Never Smoker","0.13","0.30","0.57","Never Smoker"
"GSM1052067_5730053047_R01C02","1.53","-6.16","0.66","-0.53","-0.13","Current Smoker","0.57","0.17","0.26","Current Smoker"
"GSM1052068_5730053047_R02C02","4.50","-6.13","0.06","0.20","-0.26","Former Smoker","0.35","0.40","0.25","Former Smoker"
"GSM1052069_5730053047_R04C02","1.02","-8.30","-0.60","-0.05","0.65","Never Smoker","0.16","0.28","0.56","Never Smoker"
"GSM1052070_5730053047_R05C02","9.27","-3.36","2.47","-1.12","-1.35","Current Smoker","0.95","0.03","0.02","Current Smoker"
"GSM1052071_5730053055_R01C01","7.57","-0.61","2.81","-1.07","-1.74","Current Smoker","0.97","0.02","0.01","Current Smoker"
"GSM1052072_5730053055_R04C01","8.27","-4.71","0.98","0.21","-1.19","Current Smoker","0.63","0.29","0.07","Current Smoker"
"GSM1052073_5730053055_R02C02","-5.08","-9.32","-0.35","-1.15","1.49","Never Smoker","0.13","0.06","0.81","Never Smoker"
"GSM1052074_5730053055_R03C02","10.59","-0.45","2.99","-0.74","-2.24","Current Smoker","0.97","0.02","0.01","Current Smoker"
"GSM1052075_5730053055_R04C02","-1.59","-10.05","-0.55","-0.88","1.43","Never Smoker","0.11","0.08","0.81","Never Smoker"
"GSM1052076_5730053055_R05C02","-1.25","-8.33","-1.13","-0.13","1.27","Never Smoker","0.07","0.18","0.75","Never Smoker"
"GSM1052077_5730192007_R01C01","9.25","-4.09","2.25","-1.15","-1.10","Current Smoker","0.94","0.03","0.03","Current Smoker"
"GSM1052078_5730192007_R02C01","-0.55","-8.54","-1.17","0.06","1.11","Never Smoker","0.07","0.24","0.69","Never Smoker"
"GSM1052079_5730192007_R04C01","-4.81","-8.84","-1.26","-0.11","1.37","Never Smoker","0.06","0.17","0.77","Never Smoker"
"GSM1052080_5730192007_R06C01","13.11","-2.34","2.48","-0.12","-2.36","Current Smoker","0.92","0.07","0.01","Current Smoker"
"GSM1052081_5730192007_R01C02","-0.42","-8.51","-1.00","-0.15","1.14","Never Smoker","0.08","0.20","0.72","Never Smoker"
"GSM1052082_5730192007_R02C02","7.07","-6.10","0.55","0.41","-0.96","Current Smoker","0.48","0.42","0.11","Current Smoker"
"GSM1052083_5730192007_R04C02","4.67","-4.04","0.77","0.16","-0.93","Current Smoker","0.58","0.32","0.11","Current Smoker"
"GSM1052084_5730192034_R01C01","-1.33","-7.40","-0.94","0.12","0.82","Never Smoker","0.10","0.30","0.60","Never Smoker"
"GSM1052085_5730192034_R03C01","-4.05","-7.15","-0.85","-0.15","1.00","Never Smoker","0.11","0.21","0.68","Never Smoker"
"GSM1052086_5730192034_R04C01","15.87","-1.83","2.59","-0.23","-2.36","Current Smoker","0.94","0.06","0.01","Current Smoker"
"GSM1052087_5730192034_R05C01","15.77","-2.84","2.05","-0.22","-1.82","Current Smoker","0.89","0.09","0.02","Current Smoker"
"GSM1052088_5730192034_R02C02","0.58","-8.24","-0.79","-0.12","0.92","Never Smoker","0.12","0.23","0.65","Never Smoker"
"GSM1052089_5730192034_R04C02","-2.00","-8.70","-0.95","-0.28","1.23","Never Smoker","0.08","0.17","0.75","Never Smoker"
"GSM1052090_5730192034_R05C02","3.55","-4.09","0.64","-0.03","-0.61","Current Smoker","0.56","0.28","0.16","Current Smoker"
"GSM1052091_5730192034_R06C02","3.15","-6.82","0.44","-0.16","-0.28","Current Smoker","0.49","0.27","0.24","Current Smoker"
"GSM1052092_5730192035_R01C01","0.72","-8.49","-1.26","0.57","0.69","Never Smoker","0.07","0.44","0.49","Never Smoker"
"GSM1052093_5730192035_R03C01","9.40","-4.22","1.96","-0.01","-1.95","Current Smoker","0.86","0.12","0.02","Current Smoker"
"GSM1052094_5730192035_R06C01","3.92","-5.30","-0.12","0.42","-0.29","Former Smoker","0.28","0.48","0.24","Former Smoker"
"GSM1052095_5730192035_R03C02","-0.08","-6.45","-0.54","0.02","0.52","Never Smoker","0.18","0.31","0.51","Never Smoker"
"GSM1052096_5730192035_R05C02","6.14","-3.88","1.63","-0.13","-1.50","Current Smoker","0.82","0.14","0.04","Current Smoker"
"GSM1052097_5730192035_R06C02","-0.92","-7.60","-1.52","0.33","1.20","Never Smoker","0.04","0.28","0.67","Never Smoker"
"GSM1052098_5730192036_R01C01","-0.55","-5.57","-0.52","0.05","0.47","Never Smoker","0.18","0.32","0.49","Never Smoker"
"GSM1052099_5730192036_R05C01","1.82","-6.46","-0.69","0.29","0.40","Never Smoker","0.15","0.40","0.45","Never Smoker"
"GSM1052100_5730192036_R06C01","-2.32","-9.42","-1.21","-0.04","1.25","Never Smoker","0.06","0.20","0.74","Never Smoker"
"GSM1052101_5730192036_R01C02","0.85","-9.01","-1.42","0.34","1.08","Never Smoker","0.05","0.31","0.64","Never Smoker"
"GSM1052102_5730192036_R02C02","-1.60","-9.44","-1.72","0.57","1.14","Never Smoker","0.04","0.35","0.62","Never Smoker"
"GSM1052103_5730192036_R03C02","4.27","-4.27","0.42","-0.13","-0.29","Current Smoker","0.49","0.28","0.24","Current Smoker"
"GSM1052104_5730192036_R04C02","2.48","-7.77","-0.86","0.22","0.65","Never Smoker","0.12","0.35","0.53","Never Smoker"
"GSM1052105_5730192042_R03C01","-1.66","-8.86","-0.57","-0.12","0.69","Never Smoker","0.16","0.26","0.58","Never Smoker"
"GSM1052106_5730192042_R04C01","-0.40","-7.17","-0.17","0.14","0.03","Former Smoker","0.28","0.38","0.34","Former Smoker"
"GSM1052107_5730192042_R05C01","-2.40","-8.13","-0.98","-0.14","1.12","Never Smoker","0.09","0.20","0.71","Never Smoker"
"GSM1052108_5730192042_R01C02","12.94","-1.90","2.87","-0.35","-2.52","Current Smoker","0.96","0.04","0.00","Current Smoker"
"GSM1052109_5730192042_R02C02","5.52","-4.18","0.60","0.36","-0.96","Current Smoker","0.50","0.40","0.10","Current Smoker"
"GSM1052110_5730192042_R03C02","3.11","-3.70","0.93","0.25","-1.18","Current Smoker","0.62","0.31","0.07","Current Smoker"
"GSM1052111_5730192042_R04C02","4.62","-3.55","1.47","-0.42","-1.05","Current Smoker","0.81","0.12","0.07","Current Smoker"
"GSM1052112_5730192042_R05C02","6.63","-3.22","1.19","-0.55","-0.64","Current Smoker","0.75","0.13","0.12","Current Smoker"
"GSM1052113_5730192042_R06C02","-3.46","-6.34","-0.68","-0.39","1.07","Never Smoker","0.12","0.16","0.71","Never Smoker"
"GSM1052114_5730192045_R02C01","7.12","-2.31","3.25","-1.47","-1.78","Current Smoker","0.98","0.01","0.01","Current Smoker"
"GSM1052115_5730192045_R03C01","-4.19","-8.47","-1.19","-0.24","1.43","Never Smoker","0.06","0.15","0.79","Never Smoker"
"GSM1052116_5730192045_R05C01","4.71","-5.99","-0.11","0.58","-0.47","Former Smoker","0.27","0.54","0.19","Former Smoker"
"GSM1052117_5730192045_R01C02","3.99","-7.45","1.18","-1.06","-0.12","Current Smoker","0.72","0.08","0.20","Current Smoker"
"GSM1052118_5730192045_R02C02","-1.36","-7.84","-0.40","-0.47","0.87","Never Smoker","0.18","0.17","0.65","Never Smoker"
"GSM1052119_5730192045_R04C02","-5.09","-8.68","-1.03","-0.47","1.51","Never Smoker","0.06","0.11","0.82","Never Smoker"
"GSM1052120_5730192045_R05C02","10.56","-3.68","1.09","0.10","-1.19","Current Smoker","0.68","0.25","0.07","Current Smoker"
"GSM1052121_5730192045_R06C02","9.72","-3.34","1.93","-0.10","-1.83","Current Smoker","0.87","0.11","0.02","Current Smoker"
"GSM1052122_5730192048_R01C01","6.98","-6.75","0.34","-0.21","-0.13","Current Smoker","0.46","0.26","0.28","Current Smoker"
"GSM1052123_5730192048_R02C01","0.60","-10.70","-1.98","0.00","1.98","Never Smoker","0.02","0.12","0.86","Never Smoker"
"GSM1052124_5730192048_R03C01","-3.30","-9.07","-1.29","-0.29","1.58","Never Smoker","0.05","0.13","0.83","Never Smoker"
"GSM1052125_5730192048_R04C01","-0.95","-9.02","-0.55","-0.01","0.57","Never Smoker","0.17","0.30","0.53","Never Smoker"
"GSM1052126_5730192048_R05C01","3.82","-5.98","0.23","-0.66","0.43","Never Smoker","0.38","0.16","0.47","Never Smoker"
"GSM1052127_5730192048_R06C01","0.29","-8.66","-1.38","0.20","1.17","Never Smoker","0.05","0.26","0.69","Never Smoker"
"GSM1052128_5730192048_R01C02","14.80","-1.78","2.80","-0.31","-2.49","Current Smoker","0.95","0.04","0.00","Current Smoker"
"GSM1052129_5730192048_R02C02","-0.73","-9.30","-0.04","-0.52","0.56","Never Smoker","0.29","0.18","0.53","Never Smoker"
"GSM1052130_5730192048_R03C02","3.19","-8.28","-0.44","0.18","0.27","Never Smoker","0.20","0.38","0.42","Never Smoker"
"GSM1052131_5730192048_R04C02","-1.15","-8.66","-0.84","-0.65","1.49","Never Smoker","0.08","0.10","0.82","Never Smoker"
"GSM1052132_5730192048_R05C02","0.18","-8.90","-1.35","0.12","1.23","Never Smoker","0.05","0.23","0.71","Never Smoker"
"GSM1052133_5730192048_R06C02","1.35","-8.28","-0.82","0.17","0.65","Never Smoker","0.12","0.34","0.54","Never Smoker"
"GSM1052134_5730192057_R01C01","9.93","-3.31","2.30","-0.77","-1.53","Current Smoker","0.94","0.04","0.02","Current Smoker"
"GSM1052135_5730192057_R02C01","1.26","-7.90","-0.89","0.12","0.76","Never Smoker","0.11","0.31","0.58","Never Smoker"
"GSM1052136_5730192057_R03C01","10.62","-3.42","1.37","-0.35","-1.02","Current Smoker","0.79","0.14","0.07","Current Smoker"
"GSM1052137_5730192057_R04C01","-2.15","-9.09","-0.96","-0.08","1.04","Never Smoker","0.09","0.22","0.69","Never Smoker"
"GSM1052138_5730192057_R05C01","-7.43","-10.48","-1.28","-0.79","2.06","Never Smoker","0.03","0.05","0.91","Never Smoker"
"GSM1052139_5730192057_R06C01","2.45","-7.12","-0.71","0.15","0.56","Never Smoker","0.14","0.34","0.51","Never Smoker"
"GSM1052140_5730192057_R01C02","1.86","-7.25","0.00","-0.03","0.03","Never Smoker","0.33","0.32","0.35","Never Smoker"
"GSM1052141_5730192057_R03C02","0.80","-8.13","-0.90","0.20","0.70","Never Smoker","0.11","0.33","0.55","Never Smoker"
"GSM1052142_5730192057_R04C02","5.08","-5.70","-0.28","0.02","0.26","Never Smoker","0.24","0.33","0.42","Never Smoker"
"GSM1052143_5730192057_R05C02","2.12","-6.91","-0.36","0.19","0.17","Former Smoker","0.22","0.39","0.38","Former Smoker"
"GSM1052144_5730192057_R06C02","4.16","-7.45","0.51","-0.49","-0.02","Current Smoker","0.51","0.19","0.30","Current Smoker"
"GSM1052145_5730053009_R01C01","-1.91","-8.61","-1.24","0.25","0.99","Never Smoker","0.07","0.30","0.63","Never Smoker"
"GSM1052146_5730053009_R02C01","-1.22","-8.90","-0.36","-0.79","1.15","Never Smoker","0.16","0.10","0.73","Never Smoker"
"GSM1052147_5730053009_R03C01","-1.44","-8.80","-0.96","-0.20","1.16","Never Smoker","0.09","0.19","0.73","Never Smoker"
"GSM1052148_5730053009_R04C01","-1.11","-6.44","-0.43","-0.29","0.72","Never Smoker","0.19","0.22","0.60","Never Smoker"
"GSM1052149_5730053009_R05C01","10.76","-1.35","2.69","-0.03","-2.66","Current Smoker","0.93","0.06","0.00","Current Smoker"
"GSM1052150_5730053009_R06C01","-3.00","-9.79","-1.35","0.11","1.24","Never Smoker","0.05","0.23","0.71","Never Smoker"
"GSM1052151_5730053009_R01C02","4.28","-4.34","-0.35","0.68","-0.33","Former Smoker","0.21","0.58","0.21","Former Smoker"
"GSM1052152_5730053009_R02C02","0.69","-6.68","-0.59","0.56","0.03","Former Smoker","0.17","0.52","0.31","Former Smoker"
"GSM1052153_5730053009_R03C02","-1.27","-9.25","-1.21","-0.32","1.53","Never Smoker","0.05","0.13","0.82","Never Smoker"
"GSM1052154_5730053009_R04C02","11.62","-3.45","2.72","-0.28","-2.44","Current Smoker","0.95","0.05","0.01","Current Smoker"
"GSM1052155_5730053009_R05C02","-2.17","-9.01","-0.61","-0.42","1.03","Never Smoker","0.14","0.16","0.70","Never Smoker"
"GSM1052156_5730053012_R03C01","5.71","-4.96","0.90","0.23","-1.13","Current Smoker","0.61","0.31","0.08","Current Smoker"
"GSM1052157_5730053012_R05C01","0.93","-7.08","-0.43","-0.17","0.60","Never Smoker","0.20","0.26","0.55","Never Smoker"
"GSM1052158_5730053012_R06C01","12.17","-1.80","2.24","-0.52","-1.72","Current Smoker","0.92","0.06","0.02","Current Smoker"
"GSM1052159_5730053012_R01C02","-1.23","-5.05","0.00","-0.01","0.01","Never Smoker","0.33","0.33","0.34","Never Smoker"
"GSM1052160_5730053012_R02C02","-3.23","-9.57","-1.58","0.20","1.38","Never Smoker","0.04","0.23","0.74","Never Smoker"
"GSM1052161_5730053012_R03C02","-3.91","-7.60","-1.13","0.17","0.96","Never Smoker","0.08","0.29","0.63","Never Smoker"
"GSM1052162_5730053012_R04C02","5.06","-4.23","1.31","-0.38","-0.93","Current Smoker","0.77","0.14","0.08","Current Smoker"
"GSM1052163_5730053012_R05C02","8.94","-5.22","1.02","-0.07","-0.95","Current Smoker","0.68","0.23","0.09","Current Smoker"
"GSM1052164_5730053030_R02C01","-0.24","-5.90","-0.04","0.32","-0.28","Former Smoker","0.31","0.44","0.25","Former Smoker"
"GSM1052165_5730053030_R05C01","0.97","-5.60","0.89","-0.27","-0.62","Current Smoker","0.65","0.20","0.14","Current Smoker"
"GSM1052166_5730053030_R06C01","9.82","-2.76","2.47","-0.55","-1.92","Current Smoker","0.94","0.05","0.01","Current Smoker"
"GSM1052167_5730053030_R03C02","16.83","-2.36","2.20","0.03","-2.23","Current Smoker","0.89","0.10","0.01","Current Smoker"
"GSM1052168_5730053030_R04C02","14.18","-2.27","3.16","-0.81","-2.35","Current Smoker","0.98","0.02","0.00","Current Smoker"
"GSM1052169_5730053030_R05C02","13.10","-0.93","2.68","-0.50","-2.19","Current Smoker","0.95","0.04","0.01","Current Smoker"
"GSM1052170_5730053039_R01C01","10.28","-2.51","2.87","-0.52","-2.35","Current Smoker","0.96","0.03","0.01","Current Smoker"
"GSM1052171_5730053039_R03C01","11.54","-2.61","2.57","0.19","-2.75","Current Smoker","0.91","0.08","0.00","Current Smoker"
"GSM1052172_5730053039_R05C01","0.00","-9.46","-1.71","0.31","1.40","Never Smoker","0.03","0.24","0.72","Never Smoker"
"GSM1052173_5730053039_R01C02","-2.04","-9.10","-1.18","-0.52","1.70","Never Smoker","0.05","0.09","0.86","Never Smoker"
"GSM1052174_5730053039_R02C02","-5.45","-9.56","-1.68","0.10","1.59","Never Smoker","0.03","0.18","0.79","Never Smoker"
"GSM1052175_5730053039_R04C02","-4.54","-7.83","-0.67","-0.07","0.75","Never Smoker","0.14","0.26","0.59","Never Smoker"
"GSM1052176_5730053039_R05C02","6.55","-5.16","0.50","0.18","-0.68","Current Smoker","0.49","0.36","0.15","Current Smoker"
"GSM1052177_5730053039_R06C02","12.08","-3.31","2.66","-0.87","-1.79","Current Smoker","0.96","0.03","0.01","Current Smoker"
"GSM1052178_5730053040_R01C01","-2.89","-7.76","-0.98","0.12","0.86","Never Smoker","0.10","0.29","0.61","Never Smoker"
"GSM1052179_5730053040_R02C01","12.51","-2.71","1.42","0.39","-1.81","Current Smoker","0.71","0.26","0.03","Current Smoker"
"GSM1052180_5730053040_R03C01","5.95","-5.69","0.60","-0.30","-0.30","Current Smoker","0.55","0.22","0.23","Current Smoker"
"GSM1052181_5730053040_R05C01","14.09","-3.47","2.52","-0.72","-1.79","Current Smoker","0.95","0.04","0.01","Current Smoker"
"GSM1052182_5730053040_R01C02","-4.40","-9.29","-1.69","0.63","1.06","Never Smoker","0.04","0.38","0.58","Never Smoker"
"GSM1052183_5730053040_R02C02","2.05","-5.65","-0.14","-0.07","0.21","Never Smoker","0.29","0.31","0.41","Never Smoker"
"GSM1052184_5730053040_R06C02","-0.55","-9.70","-1.23","0.23","1.00","Never Smoker","0.07","0.30","0.64","Never Smoker"
"GSM1052185_5730053041_R01C01","-2.09","-8.85","-0.95","0.15","0.79","Never Smoker","0.10","0.31","0.59","Never Smoker"
"GSM1052186_5730053041_R03C01","-2.84","-9.77","-1.37","-0.18","1.56","Never Smoker","0.04","0.14","0.81","Never Smoker"
"GSM1052187_5730053041_R04C01","-0.90","-8.46","-0.69","-0.40","1.10","Never Smoker","0.12","0.16","0.72","Never Smoker"
"GSM1052188_5730053041_R05C01","3.90","-6.50","0.02","0.19","-0.22","Former Smoker","0.34","0.40","0.26","Former Smoker"
"GSM1052189_5730053041_R06C01","14.10","-2.66","2.37","-0.41","-1.96","Current Smoker","0.93","0.06","0.01","Current Smoker"
"GSM1052190_5730053041_R01C02","-3.61","-10.15","-1.77","-0.05","1.82","Never Smoker","0.02","0.13","0.85","Never Smoker"
"GSM1052191_5730053041_R02C02","-1.42","-9.88","-1.21","-0.19","1.40","Never Smoker","0.06","0.16","0.78","Never Smoker"
"GSM1052192_5730053041_R03C02","-2.93","-9.11","-1.43","0.12","1.31","Never Smoker","0.05","0.22","0.73","Never Smoker"
"GSM1052193_5730053041_R04C02","0.58","-7.50","-1.04","1.29","-0.25","Former Smoker","0.07","0.76","0.16","Former Smoker"
"GSM1052194_5730053041_R05C02","2.92","-7.99","-0.91","0.08","0.83","Never Smoker","0.11","0.29","0.61","Never Smoker"
"GSM1052195_5730053041_R06C02","-2.39","-9.17","-2.09","0.53","1.56","Never Smoker","0.02","0.26","0.72","Never Smoker"
"GSM1052196_5730053046_R01C01","-0.50","-8.80","-1.43","0.33","1.10","Never Smoker","0.05","0.30","0.65","Never Smoker"
"GSM1052197_5730053046_R03C01","11.74","-2.03","2.57","-0.47","-2.09","Current Smoker","0.95","0.05","0.01","Current Smoker"
"GSM1052198_5730053046_R04C01","-1.60","-9.82","-0.95","0.26","0.69","Never Smoker","0.11","0.35","0.54","Never Smoker"
"GSM1052199_5730053046_R05C01","0.69","-5.99","0.53","-0.04","-0.50","Current Smoker","0.52","0.29","0.19","Current Smoker"
"GSM1052200_5730053046_R06C01","11.65","-2.56","1.83","0.01","-1.84","Current Smoker","0.84","0.14","0.02","Current Smoker"
"GSM1052201_5730053046_R01C02","9.58","-3.22","1.52","-0.43","-1.09","Current Smoker","0.82","0.12","0.06","Current Smoker"
"GSM1052202_5730053046_R03C02","5.94","-4.05","1.69","-0.37","-1.32","Current Smoker","0.85","0.11","0.04","Current Smoker"
"GSM1052203_5730053046_R06C02","0.52","-8.59","-1.16","0.15","1.00","Never Smoker","0.07","0.28","0.65","Never Smoker"
"GSM1052204_5730053048_R01C01","-2.43","-9.10","-0.16","-0.02","0.19","Never Smoker","0.28","0.32","0.40","Never Smoker"
"GSM1052205_5730053048_R04C01","-1.85","-9.43","-1.03","-0.28","1.30","Never Smoker","0.07","0.16","0.77","Never Smoker"
"GSM1052206_5730053048_R05C01","-0.21","-7.34","-0.96","0.49","0.47","Former Smoker","0.11","0.45","0.44","Former Smoker"
"GSM1052207_5730053048_R06C01","-0.65","-8.50","-1.25","0.64","0.60","Former Smoker","0.07","0.47","0.45","Former Smoker"
"GSM1052208_5730053048_R01C02","12.10","-5.07","1.35","-0.48","-0.87","Current Smoker","0.79","0.13","0.09","Current Smoker"
"GSM1052209_5730053048_R02C02","-2.50","-8.11","-1.29","0.23","1.06","Never Smoker","0.06","0.29","0.65","Never Smoker"
"GSM1052210_5730053048_R03C02","-1.87","-5.74","1.00","-1.30","0.29","Current Smoker","0.63","0.06","0.31","Current Smoker"
"GSM1052211_5730053048_R04C02","-0.45","-8.01","-0.76","-0.09","0.85","Never Smoker","0.13","0.25","0.63","Never Smoker"
"GSM1052212_5730053048_R05C02","7.40","-5.66","0.95","-0.17","-0.79","Current Smoker","0.67","0.22","0.12","Current Smoker"
"GSM1052213_5730053048_R06C02","-0.74","-8.44","-1.01","-0.80","1.80","Never Smoker","0.05","0.07","0.88","Never Smoker"
